userName,score,at,content
Nursaman,5,2026-05-05 07:19:13,"respon cepat,pelayanan ok"
ABDUL HAFID,5,2026-05-05 05:14:08,sangat membantu
Mandrot 97,5,2026-05-05 05:02:04,sangat membantu
Cut Maulidza,4,2026-05-05 04:37:51,"Mau bikin kartu kuning ga bisa terus,bukan nya mempermudah malah bikin susah"
Riri Sanawiri,1,2026-05-05 04:36:54,Ngasih solusi malah nyangkin ribet hrus ada formulir segala macam
Cenk Margha,5,2026-05-05 04:29:02,terima kasih atas pelayanan nya
Nopi Nopi,5,2026-05-05 04:28:55,lebih membantu krna bisa d kerjakan dri rumah
Warung Adinda,5,2026-05-05 04:23:01,Disnaker kab Serang melayani dengan sopan dan santun cepat tanggap ramah
Erna Sarii,5,2026-05-05 02:43:25,oke
suminar,5,2026-05-05 02:38:29,Terimakasih ini sangat membantu buat saya.
Hendi Yasa,2,2026-05-05 01:27:39,"assalamualaikum BPK/ibu,tolong ini kenapa KTP sya blm dikirim kirim pdhl udah 2minggu lebih ,tolong di percepat pa/bu tolong soalnya di pabrik suruh pembuatan rekening dan saya sgt kesusahan untuk membuat rekening nya klo tanpa KTP asli"
MTS NURUL FALAH Padasuka,5,2026-05-05 00:10:01,terima kasih banyak
Ma'ruf,5,2026-05-05 00:01:59,planyanan respo cepat
Aris Pranoto,5,2026-05-04 15:04:39,pelayanan bagus.. tingkatkan pelayanan Terimakasih
Agus,5,2026-05-04 13:10:25,cepat tabggap. tapi kok kenapa terbit PDF ny lama pak/ibu.
asrul ibad,5,2026-05-04 12:58:48,1 hari kerja
yats lamco,5,2026-05-04 11:16:07,"Terimakasih ,semoga sehat semua yg di dukcapil kab serang"
Sumi Yati,5,2026-05-04 10:54:14,saya merasa sangat terbantu dengan adanya aplikasi ini
Lilis Fuqunuri,5,2026-05-04 10:52:46,mksih walau hrus mnunggu tapi alhmdulilah sangat trbntu sekali
Nurike Karina,5,2026-05-04 10:38:22,lebih cepat dalam pembuatan surat surat
Mustika,5,2026-05-04 09:50:26,sangat membantu
Dimas Zero30,5,2026-05-04 09:41:02,baik
SOLEHA 1234,5,2026-05-04 08:49:09,sangatttt membantuu tanpa ngantrii👍🏻👍🏻
Uni Ciujung,5,2026-05-04 08:16:28,Aplikasi ini sangat membantu banget sehingga segala sesuatunya dapat menjadi mudah. keren pokoknya
Jaja Ajijah,4,2026-05-04 08:08:14,"saya bikin udah mau 2 mingguan,tapi baru di setujui,terus kapan jadinya soalnya urgen bgt,dikira mah semingguan jadi🙏"
Muhamad Iman,5,2026-05-04 07:50:30,Mantappp
Amaryani Amaryani,5,2026-05-04 06:40:50,sangat puas
Siti Hadijah,5,2026-05-04 04:04:16,mantap
Jajang Wiguna,5,2026-05-02 11:03:52,"sangat membantu tanpa harus ribet ke kantor desa ,"
Yeti Nurhayati,5,2026-05-02 03:44:06,nama ayah kandung salah penulisan harusnya MAHDI
sri hartati,3,2026-05-01 15:57:19,kartu KIA belum dikirim udah 3 Minggu belum ada.
RIzky Suiroh,4,2026-05-01 14:31:13,mantap
Bagus Sayang,5,2026-05-01 10:47:04,Pelayanan sangat cepat dan mudah.. terimakasih banyak sudah membantu saya
Lentera Hati,5,2026-05-01 02:01:54,good job deh
nisa aristia,5,2026-04-30 23:36:46,"aplikasi yang mempermudah pengurusan administrasi, bisa dikerjakan sendiri dan cepat prosesnya, semonga Banten lebih maju lagi kedepannya"
Fitri Wahyuni,1,2026-04-30 14:19:06,"proses lama banget, ngajuin ktp dr maret sampai sekarang belum jadi. apa tergantung kecamatan nya masing2, lebak wangi lama banget,"
Ds kertasana,5,2026-04-30 14:08:58,baik
Mira Arisya,5,2026-04-30 08:57:47,"Mantapppp, sangat sepat"
Cancer girls1989,5,2026-04-30 08:28:09,mantap.. puas.. cepat lagi
nunung rohmanah,4,2026-04-30 07:08:40,"bikin ktp krna rusak.. laporan status na diselesaikan, tpi ktp blm nympe rumah,, mo komen tpi ga bisa bls komentar lg"
Greb Indonesia,5,2026-04-30 06:20:22,lebih muda dan lebih cepet proses ya semoga kab.serang bahagia semakin sukses
Bang Riyan Bajing,5,2026-04-30 05:42:21,terimakasih ada y aplikasi serang bahagia...serbah muda dn. tidk ada y minta calo lagi
Miftahul Lutfi,5,2026-04-30 05:10:20,sangat cepat tidak perlu antri lagi bikin online langsung bisa
Ampirnadi -,5,2026-04-30 04:26:59,terima kasih dengan adanya serang bahagia semua serba gampang
Nuniawati,5,2026-04-29 18:37:49,baik
Eko Taska,5,2026-04-29 11:28:36,lumayan membantu cuman tetap harus mondar mandir buat minta tanda tangan pekerja UPT
Li Lilis,5,2026-04-29 10:11:23,sangat puas
Ajell Glory,5,2026-04-29 09:52:16,kenapa saya tidak mendapatkan file PDF nya untuk permohonan KK yg baru
Mira Wati,5,2026-04-29 09:02:43,sangat puas sekali dgn aplikasi serba DIGI
Iman Juanda,5,2026-04-29 08:42:40,goks
Neng Saryati,5,2026-04-29 08:22:04,Alhamdulillah
Juhita Tresia,5,2026-04-29 08:14:40,proses nya cepet bgusss
Shopy Putri,5,2026-04-29 07:04:05,terimakasih banyak
Rizky 666,5,2026-04-29 06:50:28,terimakasih
Mutiara Putri,5,2026-04-29 06:28:39,sangat membantu
Ferdi_ Smpl,5,2026-04-29 05:44:20,keren
Lilis Beauty,4,2026-04-29 05:12:48,memuaskan sekali 2 hari langsung jadi
wildan,5,2026-04-29 04:55:29,"cukup membantu, perlu d tingkatkan aplikasinya supaya Tidak sering keluar sendiri saat digunakan"
andro meda,5,2026-04-29 04:36:33,"gitu dong, respon cepat tidak perlu mondar mandir ...mempermudah pelayanan masyarakat"
Eka Nurbaeti,3,2026-04-29 03:30:04,"pelayanan cepat, tapi klo sudh di setujui mhon sekiranya langsung kirimkan barcode yg sudah di setujui 🙏"
Anggi Ralita,3,2026-04-28 19:14:12,"saya bikin update KTP dr tgl 12 April 2026, dikirim lwt kurir kerumah, smpe sekarang ko belum dateng ya??"
Rahmat Hidayat,5,2026-04-28 17:12:38,"apk nya bagus, sangat membantu"
Ahmad Dadan M (Dadan),5,2026-04-28 16:56:59,Terima kasih banyak atas bantun bpelayanan nya membantu update data sy d aystem dukcapil... 🙏🙏
Tarmudi Doang,5,2026-04-28 12:43:04,msh blum di krm ajh pdf KK nya.jadi bingung
R Apandi,5,2026-04-28 11:59:09,"kalo bikin ktp karna pindah,apakah datanya masuk ke email gak ya,soapnya punya ku udh di setujui tpi blm masuk email data dari sana nya🙏"
Humaedi Sayuti,5,2026-04-28 10:44:34,aplikasi yang sangat membantu...
Muhammad Kosim,5,2026-04-28 09:38:51,bagus sekali d cepet sekali
Ali Eboy,5,2026-04-28 09:37:55,serba praktis 👍 terhindar dari calo
siti sumyati,4,2026-04-28 09:14:23,"prosesnya lumayan lama,"
Kusniawati,5,2026-04-28 08:37:08,sangat membantu
IQBAL SARMA,5,2026-04-28 08:09:50,"membantu sangat membantu trmksh,.. semoga lebih byk kemajuan"
Maman Casmana,5,2026-04-28 07:51:12,"sangat membantu, cepat, efisien. terimakasih"
orang ketiga,5,2026-04-28 07:29:41,mantap dan mudah
Jhonson Sianturi,5,2026-04-28 07:24:43,pelayanan ok sippppppppp
Ibnu Zain,5,2026-04-28 06:44:38,"sangat membantu masyarakat bangettt , terimakasih banyak atas adanya aplikasi kabupaten serang bahagia.."
Andika Cs 0506,1,2026-04-28 06:31:55,bikin ak.1 kuota layanan ga ada mulu kocak
Aries 7000bayangan,5,2026-04-28 06:08:23,sangat membantu
dendi Gunawan,5,2026-04-28 05:05:10,"untuk aplikasi ok,sangat membantu sekali."
Bubus Bustomi,5,2026-04-28 01:46:52,"lama amat gak di antar"" ini KTP .. tolong kerja cepat nya .. saya lagi butuh KTP mau buat rek ATM untuk di tempat kerjaan saya"
Harsono Rosyid,5,2026-04-28 01:36:03,Terima kasih. KTP sdh nyampe rumah
Irwan 210,5,2026-04-27 17:46:25,oke bagus
Nurcaputra Caputra,5,2026-04-27 16:11:30,merasa terbantu sekali mudah dan cepat trimakasih👍👍👍👍👍
Azril Maulana,4,2026-04-27 11:31:43,pelayanan lama udah 2 minggu lebih gajadi2😭
rizqi mahesa,5,2026-04-27 11:03:40,mantep pokonya
ardii suarna88,5,2026-04-27 09:15:57,Good
Taqi Taqi,5,2026-04-27 09:00:45,"mantap pelayanannya satset, apalagi kalo ada revisi. gercep"
Dwi Qurrotul ainy,5,2026-04-27 08:32:34,"langsung di tanggapi ga usah tunggu lama, pas jam kerja"
ahmad manawi,5,2026-04-27 08:09:14,pelayanan nya baik dan lancar. semoga bermanfaat untuk masyarakat. pokonya sukses selalu.
Imas Handayani,5,2026-04-27 07:56:29,keren dan cepet tanggap
Hilman Ayoenx,5,2026-04-26 04:01:08,pelayanan yang memuaskan
uun hunafiroh,5,2026-04-25 16:57:09,Sangat membantu aplikasi nya.. jdi gap perlu ribet² kesana sini.
Asari Ari,5,2026-04-25 07:36:44,Sangat membantu dan efisien
Danres,5,2026-04-25 05:51:24,sangat membantu
Mami Arfan,5,2026-04-25 02:43:10,puas
Syawaludin Fitriadi,5,2026-04-25 00:36:36,Alhamdulillah Sangat Membantu Masyarakat Khususnya Wilayah Kabupaten Serang Dalam Mengurus Administrasi Kependudukan Tanpa Harus Datang Langsung ke Capil.Terima Kasih
Wahyudin Wahyudin,1,2026-04-24 22:33:38,"lama amat jadinya bung, udah mau 2 minggu di tungguin nggak ada notif di email, percuma serba digital kalo pelayananya kayak putri solo🫠"
Hamzah Dirumah,5,2026-04-24 21:37:46,Oke
Mia Marlina,5,2026-04-24 14:19:14,respon cepat pengerjaan cepat terimakasih sudah membantu dan memudahkan urusan kependudukan
Sarip SPdI,5,2026-04-24 12:51:36,"Alhamdulillah, dengan adanya aplikasi SERANG BAHAGIA sangat membantu dan memudahkan pembuatan/ perbaikan KK dan yang lainnya, terimakasih"
Ekads,5,2026-04-24 10:40:54,"proses nya cepat, aplikasi user friendly"
nurul sat,5,2026-04-24 10:18:26,sangat membantu
andras tujuhbelas,4,2026-04-24 09:15:11,trimakasih smoga kedepan nya bisa lbih bagus lagi
Adang Suryana,5,2026-04-24 09:13:00,Sangat Membantu apalagi di era Digital Jaman skrng
Fitri Andayani,5,2026-04-24 08:40:24,mempermudah saya yg punya toddler buat bikin data2 tanpa antri
MAHYA HAZARD,5,2026-04-24 08:31:45,terimakasih
Rifki Iki,5,2026-04-24 06:23:32,sangat membantu
Nur Janah,5,2026-04-24 03:57:53,pelayanan nya bagus dan cepat 👍
Sifatun Najah,5,2026-04-24 03:29:38,membantu banget apk nya trus jadinya jg cepet ga nunggu sampe berhari-hari jadi ga usah ke kantor cabangnya lagi 👍
AL RIZKY FISHING,5,2026-04-24 03:00:43,"Terima kasih proses nya cepat, Mudah mudahan serang bahagia semakin maju."
Ricarda Siburian,5,2026-04-24 02:51:32,cepat proses
Imam Syuraihan,1,2026-04-23 14:01:42,setiap mau masuk ga pernah bisa
Aliyah Liyah,5,2026-04-23 08:46:54,cuma blum di kirim dah seminggu
Madani Rakhine,5,2026-04-23 08:00:34,sangat membantu proses data kependudukan
nasronsaputra deden,4,2026-04-23 07:19:39,sekarang lebih simpel bikin kartu kuning untukelamar pekerjaan.pelayanan sangat cepet melalui online dibandingkan secara manual
Rosma wati,4,2026-04-23 06:37:51,untuk pelayanan lumayan
Ar Yantiii,4,2026-04-23 05:44:19,Kode Qr mah udh kluar tp kt nya surat pindah buat kknya gk ada itu mah ktny kode Qr buat ktp doang gmn ini pak/bu
Abdul Everyday,5,2026-04-23 05:18:08,Alhamdulillah sangat membantu proses nya berjalan cepat dan lancar
Novia Saputri,5,2026-04-23 05:03:28,sangat membantu
ahmad sapei,5,2026-04-23 04:13:35,Trmkasih
Yadi Akyadi,5,2026-04-23 02:10:36,ko akhir akhir ini biasanya kiirim pdf kk dan akta kalau udah di stujui lanhdung kitim ke imel tp skrg mah beda udah 3 blum trkirim ke imel saya msh nunggu
Iis Marni,5,2026-04-23 02:04:31,Mantap 123
Sulai Man,5,2026-04-23 01:34:16,sangat membantu untuk yg sibuk bekerja
RIZAL Xyz01,5,2026-04-22 16:26:26,mantap👍👍👍👍
Dhariel Valentino,5,2026-04-22 14:32:10,best pokoknya
Aida Ida,5,2026-04-22 14:29:20,sangat membantu
Maulana Nur Alif Alif,5,2026-04-22 14:11:21,respon cepat 👍
Ali Rusman,5,2026-04-22 09:46:13,"Sangat membantu, proses nya mudah dan cepat"
ade mulyadi,5,2026-04-22 07:21:44,mantap semoga bermanfaat biar ga ngantri
ISRA FAJARUDDIN,5,2026-04-22 07:19:00,"sangat membantu sekali ketika kita tidak bisa datang langsung, prosesnya juga cepat"
Syihab Aldzikry,5,2026-04-22 06:15:19,bagusss
Ahmad Rifky,5,2026-04-22 05:50:15,sangat memudahkan bagi para pencari kerja🙂
Opik Taufik,5,2026-04-22 05:43:05,respon cepat terimakasih
Suroh Jk,5,2026-04-22 05:41:35,aplikasi sangat bagus untuk memudahkan layanan masyarakat
Fahrudin Fahrudin,5,2026-04-22 02:11:51,terima kasih udh ngebantu
HOM Misah,5,2026-04-21 22:23:52,bagus
Hilmi Arsyuddin,5,2026-04-21 14:13:01,boleh emanggah
Amal Udin,5,2026-04-21 12:02:43,sangat cepat dan bagus 🤲
Jacka Dha Silva,5,2026-04-21 10:33:02,Penanganan cepat dan tepat semoga makin sukses
zar 93,4,2026-04-21 09:59:05,fast respon mantap
Nina Juliyati,5,2026-04-21 08:42:18,meskipun awal y g ngerti tapi alhamdulillah bisa juga ngerjain y sampe berhasil berkat arahan tmn
Nizam Khoir,5,2026-04-21 07:44:27,"sangat membantu adanya apk ini, tidak sampai satu hari sudah selesai Terimakasih"
Kholil Ullah,5,2026-04-21 06:57:55,ok
Ahmad Maulana,5,2026-04-21 06:34:07,membantu sekali . aplikasinya ok
Ayna Azkayra,5,2026-04-21 05:30:52,Sangat Membantu Sekali
Fauzi,5,2026-04-21 05:00:00,Makin maju pokonyaa langsung bkin udah di kirim pdf nya
Santri Magel,5,2026-04-21 03:39:18,🙏👍👍👍.. sangat membantu sekali trimakasih pejuang sosiality
Muhammad Arnasa,1,2026-04-21 01:20:41,ngubngg Oya nembus bae
akbar gojek,5,2026-04-20 17:35:53,sangat terbantu sekali
Aboy Coboy,5,2026-04-20 16:43:28,"sangat membantu, proses cepat, sangat memuaskan"
jayhan andriansyah,5,2026-04-20 13:41:58,sangat sangat membantu
Wifki Muarifudin,5,2026-04-20 12:46:42,pelayanan mantap
Andri Irawanhyuni,5,2026-04-20 08:55:40,Respon dan kinerja nya cepat sangat membantu
Fawaz Putra,5,2026-04-20 08:35:11,sangat cepat proses'a
Oli Via,1,2026-04-20 08:34:34,"bikin KTP pindah domisili sudah di proses. katanya suruh nunggu di rumah ajah, sudah 1 bulan lebih GK Dateng Dateng yg ngirim KTP. ampun bosku. pengiriman lama."
Mas Wanto,5,2026-04-20 08:16:48,ok
Poetra Babakan,5,2026-04-20 08:15:13,"untuk pembuatan ( AK.1 ) aplikasi ini memang cepat, tapi kalau perubahan KK untuk saat ini masih lambat,,,,, terima kasih kepada dinas terkait,"
Syarif Hidayatullah,5,2026-04-20 08:00:55,terimakasih sangat membantu tanpa harus antri lagi
D’en Surya,4,2026-04-20 07:22:50,lumayan mempermudah
Sri Lindawati,5,2026-04-20 06:47:11,sangat membantu masyarakat
RASTI HUMA HIRA,5,2026-04-20 06:20:53,"proses ny cepet,gak ribet,sangat membantu sekali"
vicki fadly,5,2026-04-20 05:39:33,mantap banget pelayanan nya
Arif Fc,5,2026-04-20 05:17:56,keren
Rosah Linda,5,2026-04-20 04:55:45,bagus
Suniah Wati,5,2026-04-20 04:43:44,bagus
Ida Setyowati,5,2026-04-20 02:51:02,Mksh BPK sehat selalu ada aplikasi ini sangat membantu banget🙏👍👍
Juwen Juwen,5,2026-04-20 02:07:47,"luar biasa cepat dan sangat praktis sangat membantu sekali semoga kedepan lebih dan lebih baik lagi amin serang bahagia sangat membantu dan sangat berkesan dengan keunggulan sistem yang seba online ,amin"
Baehaki falah,5,2026-04-18 10:32:43,"sangat membantu, petugas ramah dan baik"
Suci Gita,5,2026-04-18 06:53:21,mantul
Mila_ Friska_sari,3,2026-04-18 02:57:44,07/04/2026 jadi 18/4/2026 sedangkan 18 hari sabtu begitu menakjubkan
Ega teguh Saputra,1,2026-04-18 00:34:43,kenapa iya apknya selalu root terus setiap menginstal
Siti Nurcahya,5,2026-04-17 14:17:15,terimakasih... serang bahagia...
Mulyanah Sari,5,2026-04-17 13:32:16,"sangat membantu apalagi buat yg bekerja, tidak sempat ke kantot"
Iwan Setiawan,5,2026-04-17 10:18:29,sangat cepat'
Heru Suhartono,5,2026-04-17 05:56:06,"Respon sangat cepat, terimakasih sudah dibantu 🙏🙏🙏"
Muhamad Musa,5,2026-04-17 05:55:20,"kalo ada yg salah caranya gimna ya, kalo penilaian mh bagus"
Qeis Ahza Naufal Qeis Ahza Naufal,5,2026-04-17 05:33:25,"Aplikasi Serba Digi mempermudah Masyarakat,"
Toni Project,5,2026-04-17 04:44:35,sangat cepat pelayannannya
Redmi Note,5,2026-04-17 04:08:55,"sangat membantu dalam pengurusan berkas, semoga lokernya juga bisa dibantu"
Amaliyah Nurhasanah,5,2026-04-17 03:55:46,satset banget 👍👍👍👍👍
Muhammad Arian,5,2026-04-17 02:10:02,"cukup baik,"
Pengguna Google,5,2026-04-16 14:54:56,"baru kali ini urus pindahan bsa lewat Aplikasi tanpa Calo atwpun keluar biaya tau2 KK udh dikirim by online disuruh cek, andai aja bsa urus nikah sirih masuk istri dan anak juga akte anak bsa ada nama Ayahnya, saya mau nikah KUA gak ada biaya kendala Biaya buat nikah resmi, gimana ya semoga pemerintah kabupaten serang bsa bantu kami di sini ya."
labi darat,5,2026-04-16 09:08:17,pelayanan cepat dan ramah
Zahra Rara,5,2026-04-16 08:35:35,pelayanan sangat sangat ramahh
Deden aminullah,5,2026-04-16 08:30:42,"Untuk System Informasi dan layanan publik yang terintergrasi, sangat memudahkan untuk mengakses layanan tanpa banyak aplikasi. hanya regulasi dari tiap dinas terkait yang perlu di tingkatkan. terutama terkait pengajuan via aplikasi harusnya memiliki PIC sendri dan. berbeda dengan yang offline, agar tidak adanya antrian yang tumpang tindih. antara pengajuan online dan offline... kadang yg online pengajuan stuck terlalu lama karena adanya penumpukan antrian offline.."
Suyandi Masigit,5,2026-04-16 07:39:32,cepat respon pelayanan bagus
Rohmah,5,2026-04-16 07:28:02,playanan bagus
Dina Aulia,5,2026-04-16 07:12:22,terbantu sekali mudah dan cepat prosesnya👏🏻👍🏻
Yeni Astriani,2,2026-04-16 06:28:50,"jelek bgt ni aplikasi, masa kalo mau masuk harus login terus, mana kalo harus login gabisa."
Sahril Speed,1,2026-04-16 04:09:14,saya bikin KTP ulang karena hilang lama banget udh mau 2 Minggu blm jadi juga eh skrng malah ga bisa login ke aplikasi aneh banget sih
Ilham Nurdin Al-Ambasy,1,2026-04-16 04:02:05,Aplikasi ALE.. ISIN KITEMAH KARO APLIKASI BUG KIEN. TEGERE TIM IT NE. TING BUATING.
Anoh Suharti,4,2026-04-16 03:36:07,"sangat puas,prosesnya cepat sekali"
Siti Sobiyah,5,2026-04-16 03:29:33,sangat membantu
Novia ramadhani1306,5,2026-04-16 03:25:18,terima kasih atas pelayanannya
Patonah,1,2026-04-16 03:22:36,hasil PDF nya gak langsung dikirim ke email tuh
ubang Sobari,5,2026-04-16 00:46:38,pelayanan luar biasa gratiss tanpa ribet...👍👍
Eka Susilawati,5,2026-04-15 23:10:57,"bener"" merasa terbantu, gx perlu ribet lagi ngurus"" kependudukan..terimakasih serba digi🫠"
Muhammad abdul Mutaal,5,2026-04-15 16:05:53,sungguh sangat membantu...
erma sari,5,2026-04-15 11:23:34,terbantu trimakasih
Sulistiani,5,2026-04-15 10:17:22,sangat membantu masyarakat
Nana Triputra,5,2026-04-15 09:55:41,ok apk ini sangat membantu
Shilvia Putri,1,2026-04-15 08:57:40,"luar biasa terobosan baru, mudah cepat, tp sayang kurang teliti, untuk alamat tidak tertera blok dan no rumah"
M. SHOBIRIN,5,2026-04-15 07:18:49,cepet prosesnya alhamdulillah..
Ahmad Rizki,5,2026-04-15 07:00:53,mantap
FIRDAN NUGRAHA,5,2026-04-15 06:42:29,Terimakasih
Erfan Romadoni,5,2026-04-15 06:38:23,dengan aplikasi ini sy jadi terbantu dan singkat tidak perlu jau jauh ke depneker karena jarak nya jau syng aplikasi nya terlalu sibuk pelayanan.menurut sy aplikasi bagus membantu
Mukhti Al Khowiy,5,2026-04-15 06:36:04,buat SKP antar Kab/Kota. Sangat membantu
Vivi Oktavia,1,2026-04-15 05:35:53,dari tanggal 9 sampai sekarang saya buat ulang ektp karna pindah sampai skrng belum selesai² belum di kirim ke alamat saya ktp nya udah 1bulan lebih
Intan Mutiara,5,2026-04-15 05:12:39,sangat membantu
Yumnah,5,2026-04-15 05:11:28,sangat puas pelayanannya
Saud Dzikri,5,2026-04-15 05:09:05,"Alhamdulillah akhirnya disetujui jg,,udh dpt penolakan jg 2x,,🤭dicoba2 lagi akhirnya disetujui,,,tp ini dpt KK barunya gmn yh,,,blm ada konfirmasi,,"
Akun bantu,3,2026-04-15 04:25:03,"bikin Depnaker kartu kuning buat kerja,, kok gak bisa aja yaah kenapa padahal udh di update"
deni irawan,5,2026-04-15 03:45:35,"Mantap, pelayanan baik"
Renni Putriyani,5,2026-04-15 03:43:13,"Alhamdulillah, aplikasi ini sangat membantu dan proses lebih cepat...."
Solekhah Iqbal,5,2026-04-15 03:34:57,pelayanan cepat
Ikhwan wan,5,2026-04-15 02:33:13,"katanya proses pengerjaan 7 hari kerja, udh sebulan blm beres ,"
Cah Setro,5,2026-04-15 02:30:35,"Petugas cukup ramah, membantu proses /melayani dengan sabar."
Yuyun anyun,5,2026-04-14 22:29:15,"sangat puas dengan pelayanan nya ,,dan menurut ku lebih simple si pakai apk ini jadi engga harus ninggal²in anak ,,sama engga ada lagi tuh calo calo🙏 ,,poko nya top dehh ,,"
Aulia Izzatunnisa,5,2026-04-14 15:54:25,aplikasi ini sangat membantu
Sri Maulani,4,2026-04-14 10:15:53,pelayanan sangat bagus dan membantu
Emi Emi,5,2026-04-14 09:42:42,"membantu banget, sempet degdegan bikin AK1 wilayah domisili nya salah pas kelurahan Alhamdulillah di ganti sama pegawai nya"
Muslim Ahmasrafaat,5,2026-04-14 09:25:54,adanya aplikasi serang bahagia ini sangat membantu untuk para pencari kerja membuat kartu A1 atau disnaker pencari kerja terima kasih swmoga kedepan bisa bisa bertahan seperti ini.
Ahmad yanto Saputra,5,2026-04-14 08:40:52,sangat membantu
Kec Ciruas Dayat PLD,5,2026-04-14 08:32:28,semoga suskes
Rian Hidayatullah,5,2026-04-14 08:12:57,ok
Iskandar Aja,5,2026-04-14 06:45:23,terimakasih bagus banget langsung di respon
Prabu Hidayat,5,2026-04-14 06:41:47,sangat waw
Tampah Koneng,5,2026-04-14 05:42:34,Bagus respon baik
Rifki Mulyana,5,2026-04-14 05:30:59,mantap
Hadi Firmansyah,5,2026-04-14 05:16:21,pelayanan sangat memuaskan... tanpa antri ditempat... pokoknya mantaap cepat untuk pindah dari propinsi tanpa ke kelurahan atau kecamatan lagi... pokoknya jooos banten
As puri,5,2026-04-14 05:15:37,mantap
Mamay24 Maliyati,5,2026-04-14 05:08:35,ok
Yayan Mulyan,5,2026-04-14 04:51:49,bagus
Intan Aulia,5,2026-04-14 01:08:05,sangat membantu sekali
Noval Wahyudi,5,2026-04-13 12:30:43,"Bagus,proses cepat"
Nurul Wahdah,5,2026-04-13 11:51:52,harus nya ada tempat buat kita ngajuin komplenan jika terdapat kesalahan data
Iman Udin,5,2026-04-13 09:17:31,pelayanannya Rama Cepet lagi proses nya
Siti Jasiyah,5,2026-04-13 09:03:01,pa/bu mna ko blm ada pemberitahuan lewat imel nya????
Bayu Riswaldi,3,2026-04-13 08:26:32,kurang paham
Nur Baiti,5,2026-04-13 07:13:22,sangat sangat membantu kami masyarakat serang top serang bahagia
Noprianto eka Pangestu,5,2026-04-13 05:30:28,lumayan cepat untuk pengajuan cetak ulang KTP
Hary,5,2026-04-13 03:50:34,Sangat membantu pake banget
Refan Agata,5,2026-04-13 03:03:25,ok banget banyak membantu
fahrudin KMS,5,2026-04-13 02:46:15,loading terus
umam haerul,5,2026-04-13 02:37:57,mantap
Dede Syifa,5,2026-04-13 02:16:28,serang bahagia
Johan Joe,5,2026-04-12 23:27:26,sanget membatu sekali
Eka Oktapian,1,2026-04-12 17:56:49,sudah pengajuan pas keluar dicek lagi data tidak ditemukan😅😅 di refresh jg sama tidak ada keterangan gagal atau berhasil tiba2 ilang semua datanya.
Gusti Yawan,5,2026-04-12 10:32:29,mantap
Asep Saepudin,5,2026-04-12 05:49:13,ok
Asmah Nikomas,5,2026-04-12 04:41:24,luar biasa sangat bagus sekali. biasanya 10 menit langsung jadi lebih bagus sekali. tapi skrg estimasi 2 hari kerja...
Daman276 Huri,5,2026-04-12 02:22:02,terimakasih aplikasi ini sangat membatu👍👍👍
ai_m.arsali maulana,5,2026-04-11 12:33:02,Bintang 5
Listyo tyo,5,2026-04-11 06:43:12,sangat membantu
Sumadi Albantani,4,2026-04-11 04:36:10,"mohon di jawab,kalau mau merubah status pekerjaan bisa lwt aplikasi ini gak🙏🙏🙏"
Abdul Rohman,5,2026-04-11 00:49:47,bagus
THOLIBI Ibi,5,2026-04-10 20:04:00,"sangat puas,membantu buat kita yng kerja buruh bisa proses dr rumah"
Dea Nurmalasri,2,2026-04-10 14:15:57,Ko ngga bisa instal di app store ya
Resi Oktania,5,2026-04-10 11:54:27,sangat membantu
Sufi 123,5,2026-04-10 11:40:49,makasih sangat membantu dan mudah di pahami.
ghivary aulia,5,2026-04-10 10:36:09,bua KTP karna rusak. Prosesnya perlu 7 hari sampai jadi dan diantarkan ke rumah oleh ekspedisi. walaupun lumayan lama harusnya sih bisa lebih cepat. selain nomer kurirnya tolong dong cantumin juga nomor resinya.
Sobariyah Sahril,5,2026-04-10 08:21:08,pelayanan cepat dan sangat membantu
vitamin tubuh,5,2026-04-10 07:10:56,mantap
Saipul Bakhri,5,2026-04-10 06:47:21,"sy praktis dan membantu banget, tidak hrs antri ke lokasi, proses cepat, super praktis tinggal duduk di rumah, file PDF nya lngsung jadi, mantap pokoknya"
Siti Mutmainah,5,2026-04-10 06:15:07,sgt membantu
Amar Udin,5,2026-04-10 05:36:21,sangat baik
Mugo Santoso,5,2026-04-10 05:14:14,Mantab kab. Serang
Asep Asepp,5,2026-04-10 05:13:47,Bagus banget aplikasi nyh sangat membantu pelayanan nyh cepet
Adv_ Armin,5,2026-04-10 03:56:37,pertahankan pelayanan untuk masyarakat yang terbaik
Ade bahroni,5,2026-04-10 03:05:01,alhamdulillah
Toha Ha,5,2026-04-10 03:01:20,Alhamdulillah.. terimakasih serang bahagia aplikasi ini sangat membantu sekali
Hadi Suhadi,5,2026-04-10 02:54:11,terus tingkatkan..
Hendri Hendri,5,2026-04-10 02:43:47,Pelayanan bagus dan maksimal pesa dari saya khusus nya masarakat SE kabupaten serang jangan di persulit pelayanan nyah sekian terimakasih🙏
Bukan Doni,5,2026-04-10 02:19:48,sangat membantu
Ferdi,5,2026-04-10 02:06:26,sudah bagus cuman perbagus lagi masih aga lama pelayanan nya masa cuman cetak aja nunggu berhari hari
Ilyas Nana,5,2026-04-10 01:22:27,Aplikasi yang sangat bermanfaat sekali bagi masyarakat khususnya bagi pekerja yang tidak bisa datang ke kantor langsung jadi bisa di rumah atau dimanapun
Ahmad Rosadi,5,2026-04-10 00:41:24,sangat bagus
Nur Indah,5,2026-04-10 00:35:59,dimall kehapus gimn bukanya lg
Elzhafira Moulidah,3,2026-04-09 14:54:25,"menghemat waktu buat gak kekantor sih tapi saya ngajuin permohonan sudah seminggu baru di setujui kata orang' gak lama kok cuma satu hari tapi syaa hampir 2-3 Minggu belum jadi', belum ada info lanjutan, mana ini berkas yang lumayan penting. worth it sih buat kurangin bensin cuma modal internet, tapi kalau menurut pengalaman sedikit kurang dan lama..."
Aan Agustiawan,5,2026-04-09 12:40:02,mantaaaap
Aprie Stokis,5,2026-04-09 09:05:37,Sangat membantu. terima kasih.
Rizky Rizkya,5,2026-04-09 09:02:26,top
Mama Alya,5,2026-04-09 07:43:35,alhamdulilah pelayanan cepat dan petugas ramah serta sigap. terimakasih UPT kecamatan tunjung teja atas pelayanannya
Danang Wahid,5,2026-04-09 06:58:23,mantap pelayanan sat set
AHMAD KODIM,2,2026-04-09 06:46:01,"mau bikin Depnaker d tunda2 Mulu gara jam saat ini tidak tersedia Mulu, online aja di persulit apalagi offline"
Muhamad Rosidin,5,2026-04-09 05:06:37,"bagus untuk memudahkan keperluan, semoga responnya cepat baik data yg di ajukan itu ditolak atau di setujui"
Lina Masha,5,2026-04-09 04:02:46,saya mau pembaharuan KK pendidikan terakhir dan goldar katanya berkas nya upload aja tapi KK udh jadi gada perubahan
Yyas,1,2026-04-09 01:30:13,di setujui pdf gk ada
Sayid Fikar,5,2026-04-08 16:53:09,mantap
Mihama Flash,5,2026-04-08 15:01:16,sangat membantu
Alan Syah,5,2026-04-08 13:57:08,terimaksih dengan adanya pelayanan online sangat membantu bagi masyarakat yang domisili jauh dari kantor dukcapil
Shadiqah Syam,5,2026-04-08 12:30:08,Alhamdulillah berkat adanya aplikasi serang bahagia mempermudah urusan administrasi kependudukan. Tanpa harus mengorbankan waktu. terimakasih untuk pelayanannya.
Aidil Syahrun Abdi,5,2026-04-08 12:01:50,Pelayanan efisien dan cepat
Nayna Husna Husna,5,2026-04-08 12:01:07,"Alhamdulillah, berkasnya cpet diproses 3 hari langsung jadi dan gratis....trimaksh"
Ivan kolev,5,2026-04-08 09:11:39,terima kasih banyak. aplikasi serang bahagia sangat membantu bagi warga yang tempat tinggalnya jauh..
sekdes panyabrangan,5,2026-04-08 05:20:43,aplikasinya ok .
Entis Sutisna,5,2026-04-08 03:56:58,sangat membantu buat yg g sempat ke kantor pelayanan ngurus langsung
Fahri Rosidi,5,2026-04-08 03:51:59,mudah simpel bgt aplikasinya
Mis Bah,5,2026-04-08 02:26:16,sangat membantu sekali. mantap
Ade pebrian,5,2026-04-08 01:26:26,pelayanan nya bagus dan cepet
Haris Mauludin,5,2026-04-07 20:21:24,dari 26 maret sampai 1 april belum juga ada pergerakan padahal antrian hanya 1. Kec. Pontang.
Almahira Putri,5,2026-04-07 19:15:14,terimakasih banyak sudah mau membantu untuk pembuatan KK akte dan kia nya prosesenya cepat 3 hari langsung jadi 🙏🙏😊😊
Desi Blink,5,2026-04-07 18:05:14,keren..
Sigmapro 77,5,2026-04-07 16:42:59,pelayanan yang sangat membantu
Saskia Agustin,5,2026-04-07 09:59:52,sangat membantu dan mudah bagi kami tidak ribet proses apapun sàngat cepat banget
Eki Tunjung,5,2026-04-07 09:10:21,paten 1 Hari langsung jadi dan respon cepat
Roni Rahmat,5,2026-04-07 09:03:36,"sangat membantu ,proses cepat , bebas pungutan liar , sangat moderen dan rahasia , good job"
Apud Wastle,5,2026-04-07 08:49:14,terimakasih sangat membantu
Tamimi,5,2026-04-07 08:42:58,saya sangat puas dengan pelayanan nya
Ardi Vanhout,5,2026-04-07 08:25:11,adanya aplikasi ini sangat membantu terimakasih 🙏
millieanva salsabla,1,2026-04-07 08:19:03,"saya download jam 1 terus pada saat saya selesai mengisi formulir untuk memperbarui nama di KK tiba tiba ada mohon maaf disuruh untuk update, padahall saya liat aplikasi ini baru update di bulan maret"
Windah2014,5,2026-04-07 07:37:09,terimakasih banyak🙏🏻🙏🏻
INDONESIA CERDAS,5,2026-04-07 07:09:52,simpel cukup di rumah terpasang wifi kartu identitasnya jadi
UM channel,5,2026-04-07 05:53:35,bisa membatu untuk persyaratan lamaran kerja
Sundia Ayuni,5,2026-04-07 05:14:57,sangat membantu
Abi Manyu,5,2026-04-07 04:56:31,sangat praktis sekali dan sangat membantu sekali
Saputra Esa,4,2026-04-07 04:36:50,Alhamdulillah membantu
Iyam Iyam,5,2026-04-07 03:13:36,cepat dalam pelayanan
Haci Hanna,5,2026-04-06 19:46:38,terimakasih
Dandi Iswandi,5,2026-04-06 13:43:16,allhamdulilah makasih dengn adanya apk serang bahgia segala sesuatunya mudah
TAPAK SUCI NURUL MUHTADIN,5,2026-04-06 11:05:42,"Awal mula masih blom paham, sekarang sudah sat sat set dan sudah mulai di pahami😊. aplikasinya bagus tanpa harus offline lagi gak usah jauh-jauh ngurusnya, tinggal urus di rumah dan tunggu di rumah Dateng deh😁"
Mariyam Siti,5,2026-04-06 11:00:37,"langsung jadi, ksh pemasukan tmbh bnyk operator y klo bisa🙏"
Asti Aprillia,5,2026-04-06 10:53:14,respon cepat
Iman Rosadi,5,2026-04-06 09:44:16,👍👍
Sarani Sni,5,2026-04-06 09:21:00,sangat membantu
Johari,5,2026-04-06 08:55:58,luar biasa
Ruminah Arum,5,2026-04-06 08:53:46,sangat ramah dan membantu
Sisil Silvana,5,2026-04-06 08:12:54,pekerja di situ ramah¹ suka
Simpangcell Cell,5,2026-04-06 08:10:42,pelayananya cpt dan mudah
Damay Damay,5,2026-04-06 07:52:25,"dengan adanya app ini masyarakat kabupaten serang sangat terbantu, mamtaaaap"
Baim Van Houten,5,2026-04-06 06:25:45,mantap code qr gk muncul file nya bagaimana?
mohamad harun,5,2026-04-06 05:34:34,jadi mudah gk perlu jauh jauh
Saluri 07,5,2026-04-06 04:16:10,saya buat permohonan pengajuan perubahan KK berkas2 sudah di upload tanggal 1 April 2026 sampai sekarang tgl 4 April 2026 masih di proses tolong dong proses nya di percepat sementara saya kasih 🌟 4 dulu tolong proses nya di tingkatat kan lagi trimakasih 🙏🙏
Holil Ullah,5,2026-04-06 02:47:14,terima kasih atas layanan cepat hebat hemat waktu top markotop 👍👍👍👍
diky nurdiyansyah,5,2026-04-05 04:07:13,pelayanan optimal
Lely J,2,2026-04-04 03:27:01,"bintang 2 dulu lah ya nanti kalau prosesnya cepet saya balik lagi kasih bintang 5, saya dari wilayah kecamatan anyer. udah seminggu belum ada kejelasan"
Fauzi erlanga,5,2026-04-04 01:40:52,ok
Hanan Maulana,5,2026-04-03 12:51:36,"sangat mempermudah, terimkasih"
newlife Mulhat,5,2026-04-03 02:35:54,oky
Asti Sudayanti,5,2026-04-02 14:43:08,"sehari jadi👍 tapi klo ada kekurangan data bisa dikomen sekalian jangan 1"" supaya tidak menunggu antrian lagi."
Roy Yuli,5,2026-04-02 12:09:19,"Aplikasi ini sangat bagus,sangat membantu"
Hendi Dakwin,5,2026-04-02 10:45:13,mudah proses ny trmksih
Alvaroqi Jaya,5,2026-04-02 10:05:20,bagus sekali
Misna Dewi,5,2026-04-02 08:52:22,sangat bagus
Avan Maulana,5,2026-04-02 08:49:22,mantapp
Siti Sari,5,2026-04-02 07:59:50,"alhamdulilah,KK saya sudah bisa di rubah sendiri di aplikasi serang bahagia memudah kan ku untuk mengubah nya"
Ipeh,5,2026-04-02 06:51:10,"kartu identitas anak nya belum nyampe"" kerumah"
Harry Kurniawan,5,2026-04-02 06:00:39,sangat mudah dan dibanyak dibantu melalui aplikasi
Junaedi Junaedi,5,2026-04-02 04:08:03,"alhamdulillah, dengan adanya aplikasi serba digi , kita sebagai masyarakat sangat2 terbantu..dipermudah dalam proses nya.. terimakasih"
Aa Ried,1,2026-04-02 03:55:25,"pelayanan sangat buruk, pencetakan KIA sudah 1 bulan lebih tidak ada titik terang hingga saat ini"
ismail yogya,5,2026-04-02 02:42:20,Semoga lebih baik lagi dan cepat merespon keluhan masyarakat.
Asep suparman,5,2026-04-01 19:07:29,terimakasih aplikasi ini sangat membantu banget proses pembuatan dokumen jadi simpel keren
Sakum Kum,5,2026-04-01 16:03:30,aplikasi sangat membantu. terus tingkatkan agar bisa membantu masyrakat lain ya
Dewi Maryam,5,2026-04-01 13:40:09,pelayanan by online cepat bgt
Husnadimanis01,5,2026-04-01 12:16:35,mantap nur
Valen Erik,5,2026-04-01 11:07:00,"Terimakasih untuk pelayanan Dukcapil Kab. Serang atas pelayanan yang begitu cepat, tepat dan ramah."
Abil Akbar,1,2026-04-01 10:22:47,nama aplikasi doang serang bahagia tapi di dalem nya di persulit ngisi ini itu sulit sulit sulit
Sunhaji 24,5,2026-04-01 09:16:00,membantu sekali
Jalal Ludin,5,2026-04-01 09:12:06,👍 mantap terimakasih 🙏
Muzi Ahmad,5,2026-04-01 08:40:18,lanjayyyyyy....
Hamdu Loh,1,2026-04-01 08:02:15,stts sudah di setujui tpi belum menerima konfirmasi di email.
Yuki rohiman,5,2026-04-01 07:49:12,sangat membantu sekali ..
Nandara Apriliya,1,2026-04-01 07:29:55,"saya minta pengajuan ubah tanggal pernikahan sampai datang ke tempat. dan ternyata disuruh online kembali, lalu setelah jadi tetap salah seperti tidak di ganti"
Eki Baihaki,5,2026-04-01 07:06:34,pegawai ramah proses cepat
Ella Nurlaela,5,2026-04-01 05:33:43,Terima kasih banyak sudah membantu
Tri Reka25,5,2026-04-01 05:23:56,mempermudah
Masriyani -,5,2026-04-01 05:09:47,membantu banget terutama bagi perantau yang jauh kalo harus ngurus langsung
dian Fanny,5,2026-04-01 04:44:23,sangat terbantu sehingga lebih memudahkan ketika mengurus hal hal yang berhubungan dengan data kependudukan. trimakasih
Sofiyan Hadi,5,2026-04-01 04:42:40,Alhamdulillah sangat membantu
Maman Kasma,5,2026-04-01 04:31:18,sangat membantu
Irmawati,5,2026-04-01 04:20:31,"mantep sangat mempermudah bagi yg tidak bisa ke kantor langsung dan saya datang pelayanan sangat cepat, dan pegawai pun ramah dan telaten membimbing secara online melalui apk serang bahagia semoga semuanya dipermudah selalu mantappp 👍👍"
Abraham Yusuf,5,2026-04-01 03:26:46,"pelayanan cepat, singkat dan hebat. saya pindahan dari kab. Tangerang, cuma lewat apps ini di kab. serang saya cuma lewat hp bisa bikin kk, kia dll secara cuma cuma tanpa ada biaya. keren kab. serang"
Herna Sri,5,2026-03-31 11:47:46,ok
jono 88,5,2026-03-31 11:26:11,Dengan adanya aplikasi ini sangat membantu sekali
Rafiudin,5,2026-03-31 11:03:29,belajar pengalaman
Luk Man,5,2026-03-31 05:38:05,mantap sekali
avrax com,5,2026-03-31 04:47:22,mantap untuk UPT kec. cikeusal
Hassan yitno,5,2026-03-31 03:48:03,"terimakasih atas pelayanan yg cepat, tidak berbelit-belit dan GRATISS ...👍🏻👍🏻"
Rita Akbar,1,2026-03-31 03:38:46,"ga jelas, katanya pengiriman tiki dari sebelum lebaran sampe udah lebaran belum juga dikirim.. udah coba ke kantor kecamatan katanya ga ada udah di kantor tiki, kata tiki malah belum ambil masih di kecamatan malah jadi ribet aja."
Nida Hindayati,5,2026-03-30 14:03:33,"sangat mempermudah sekali aplikasi ini, dan sangat membantu untuk memperbaiki data, dan pembuatan data pribadi, terimakasih serang bahagia, kami bahagia sekali.. heee"
Asep Saefudin,5,2026-03-30 12:30:09,mantap
WAHYUDIN4,5,2026-03-30 11:24:24,gokil pokonya
Wahyu Tadarus,5,2026-03-30 11:12:42,"aplikasinya memudahkan dan urusan adminduk, tinggl lebih di tingkatan dan kecepatan dalam proses perbaikan adminstrasi, semoga terus pertahanan kinerjanya dan semangat dalam pelayanan publik"
Saman Lontar,5,2026-03-30 09:15:47,mantap....serang bahagia
Ahmad Kecacang,5,2026-03-30 09:05:54,sangat membantu.
Irma Maulani,5,2026-03-30 08:28:10,alhamdulillah sangat senang dan bahagia karna daftar jam 12 an selesai jam 3 sore ga lama itu cuma 3 jam an doang ya ampun ga usah dateng jauh2 ke kantor disini cuma modal wifi doang masya allah trimksh bapak ibu yg udh bantu saya bikin depnaker dengan cepat dan proses sangat mudah .
Evi Pitaloka,5,2026-03-30 08:01:19,"respon admin cepat, sangat membantu"
Mulya Wati,5,2026-03-30 07:33:45,layanannya Sangat bagusss
Woto Putune Mbah asrah,5,2026-03-30 06:53:09,"Terima Kasih, Sangat Terbantu dengan Kemudahan aplikasi serang bahagia"
Imelda M.s,5,2026-03-30 05:59:52,gooddd
Rasyim Arrasyid,5,2026-03-30 04:15:47,Mudah diakses dan pengerjaan yang cepat serta pelayanan yang 👍👌
Andri Fitriani,2,2026-03-30 02:34:40,mau login gak bisa.. daftar baru gak bisa.. daftar pakai google gak bisa..
ahmad sumistar rizki,5,2026-03-30 00:45:52,Terimakasih. Aplikasi ini sangat membantu
Mahbub Muhibbin,5,2026-03-28 11:25:07,sangat membantu terimakasih Bu bupati dan staff
Abdul Rohman,5,2026-03-28 08:20:47,meudahkan
Ahmad Rifai,5,2026-03-28 04:17:26,sangat membantu
Samsung,5,2026-03-27 23:10:45,terima kasih serang bahagia kami merasa sangatcterbantu sekali...
Mamah Arka,5,2026-03-26 23:16:09,"sangat membantu, cepat tidak perlu ngantri"
Nurhaedi10,5,2026-03-25 14:06:09,sangat membantu
Nur Malaa,1,2026-03-25 10:15:36,"respon nya lama, ngajuim dri bulan 1 sekarang bulan 3 udh mau bulan 4 engga jalan jalan itu, jujur dengan adanya aplikasi ini emang mudah gaperlu bulak balik kecamatan, tapi makan waktu lama nunggu berkasnya datang, masih mending antri seharian tapi langsung dikerjakan dan jadi gaperlu nunggu lama"
Muhammad Dimas pratama,5,2026-03-25 04:12:44,mantap lah
TB astakhori,5,2026-03-25 00:51:15,"terimakasih serang bahagia, ini sangat membantu, kira kira jadi nya kapan ya."
Yusuf Bin Hasan,5,2026-03-20 08:36:08,"Semua jadi mudah berkat Serang Bahagiah,"
Ahmadturo Ihan,1,2026-03-19 13:50:55,"KTP saya dan istri belum juga dikirim padahal status sudah disetujui, bagaimana min.. sedangkan mau ada keperluan"
Cahyo Adam,5,2026-03-17 10:06:10,muantap
Udin Bahrudin,5,2026-03-17 09:51:18,sangat baik pelayanannya
Irwan Aris,5,2026-03-17 07:13:13,mantap aplikasi serang bahagia memudahkan pengurusan akta kelahiran secara online
Muhammad Ahyani,5,2026-03-17 06:35:33,"dengan adanya aplikasi serang bahagia sangat membantu ,bikin AK.1 tidak perlu ngantri cukup bikin di rumah secara online 🙏"
Dayat Chiooe,5,2026-03-17 05:26:57,bagus
Awi Novi,5,2026-03-17 05:08:36,mantap respon cepat
Yusup saputra,5,2026-03-16 16:10:41,lebih cepat pakai aplikasi digi bisa di kerjakan di rumah. poke ne..yes lah..serba digi
robie toglex,3,2026-03-16 15:27:09,suwe temen proses Bae kuen..ora jadi jadi hampir 2 bulan masih proses Bae huh
Ricky pujianto28,5,2026-03-16 08:03:02,Terima kasih serang bahagia aplikasi ini membantu sekali menghemat waktu dan mengurangi calok calok sipil. senang banget da ini jd gak ribet dan tidak terlalu banyak kluar uang.
Iyansyah Iyan,5,2026-03-16 07:34:41,terimakasih banyak sangat cepat proses nya
wahyu din,5,2026-03-16 06:48:19,mantap
w doang,5,2026-03-16 02:17:36,pelayanan cepat terimakasih untuk dukcapil dan aplikasi serang bahagia
sosis,1,2026-03-16 00:01:09,Bikin ktp dari bulan februari sampe pertengahan maret belum nyampe rumah bae
Nasrulloh,1,2026-03-14 23:33:43,buruk tidak selalu gangguan susah di akses dan proses lebih lama
Sujung 009,5,2026-03-14 11:45:56,terima kasih serba
Debi Sutedi,5,2026-03-14 08:28:04,ide nya bagus supaya lebih mudah mengurus dokumn' syg kurng gercep di apk nya
Rudi Septiana,3,2026-03-13 11:32:55,"saya besok mau ke dukcapil lagi dah beberapa kali ke sana belum jadi² ktp saya, terus ke kecamatan bilangnya blanko ada tapi buat yg baru bikin ktp🫠"
Ojieee Muhammad,5,2026-03-13 08:11:56,jaya terus kembangkan
Bai Ramadani,5,2026-03-13 03:41:02,mantul mantap betul
Fathur Rohman (Oman),5,2026-03-12 13:55:10,lebih mudah
baihaqi ma'ruf,5,2026-03-12 07:27:54,wow keren...
Adlan Seftian,5,2026-03-12 06:56:37,sangat membantu
Ailsa Kirana,5,2026-03-12 03:57:57,"untungnya ada aplikasi ini, ingin membuat keabsahan akta kelahiran dalam 2 hari saja karena sudah tidak bertempat tinggal di kab. serang, jika tanpa surat keabsahan dan langsung ke dukcapil domisili bisa 1 bulan akta kelahiran barcode jadi, terima kasih"
A. Herniadi,5,2026-03-11 18:32:35,"sudah bagus, tapi masukan aja.. tolong perbaiki user interface aplikasinya"
Arifin ifin,5,2026-03-11 16:53:54,mantap cepat hasilnya.makasih
Siti Nazwa,4,2026-03-11 07:27:14,kdng masih ngelag dan gak ngerti kenapa dan apa masalah yg bikin formulir gak bisa ke kirim TPI oke lah
Udin Nurhidayat,5,2026-03-11 07:04:02,"sangar membantu,kalo bisa tolong lebih di permudah agar yang tidak mengerti akan lebih cepat mengerti"
Ayu Handayani,5,2026-03-11 05:02:03,Alhamdulillah terima kasih serba digi
rio Wibowo,3,2026-03-11 04:54:10,kenapa tidak di balas dulu komentar nya
Pendi Setiyawan,5,2026-03-11 04:28:23,alhamdulillah proses nya cepat urus dari rumah saja KK akte kelahiran dan KIA .. terimakasih
Neng Nurjanah,5,2026-03-11 02:28:46,"sangat membantu, walau saya lagi di luar kota tapi tetap bisa melakukan pencetakan KTP🤗"
Dedi Setiawan,5,2026-03-11 01:52:32,mantap
Anna Rizqi,5,2026-03-10 22:30:11,mantapp
Kai Pohk,5,2026-03-10 12:36:43,mantap
A zayn runey Roney,5,2026-03-10 09:00:19,respon sangat cepat
Bocah pecicilan,5,2026-03-10 08:50:19,sangat puas sekali
ahmad arif setiawan,5,2026-03-10 06:42:30,pelayanan baik dan responsif
Sayuti Yuti,5,2026-03-10 06:07:13,keren lebih memudahkan
Marsan San,5,2026-03-10 01:20:37,Terima Kasih 🙏Team Serba Digi Sangat Membantu Proses Cepat Dan Mantap 👍🏼
t-art project,5,2026-03-09 17:31:49,sangat usefull apps nya
Putra Bayu,5,2026-03-09 16:58:48,mantap
JONI RASIMIN,5,2026-03-09 16:46:25,"sangat membantu sekali,"
Randi Raharja,5,2026-03-09 09:09:27,"aplikasi sangat bagus, lengkap. pegawai nya juga cepat tanggap ketika saya salah mengisi biodata,sangat membantu pokoknya dengan adanya aplikasi serba digi ini. terimakasih"
Hendi Raditya,5,2026-03-09 06:42:50,sangat membantu
Adi Tiano,5,2026-03-09 05:58:18,bagus
Sule Sulaeman65,1,2026-03-09 05:51:51,"mau download kenapa gak bisa install min, info dong lagi perbaikan apa gimana"
Asep Saeful,5,2026-03-09 05:36:22,"sangat membantu, bikin KK, akte serta lainnya jadi lebih mudah. tsk perlu antre."
Muhamad Purnawan,5,2026-03-09 02:54:47,pelayanan terbaik
Atin Ninuri,5,2026-03-08 06:48:04,"mempermudah segala macam permohonan,terimakasih ya"
Sabiq Uyun,5,2026-03-06 21:47:05,"Proses kurang lebih 7 Hari (Pemuktahiran data KTP), meskipun begitu proses tersebut terbilang sangat baik dibandingkan proses sebelumnya. Dengan adanya proses permohonan menjadi mudah dan memangkas tahapan. terimakasih"
Agnes Hotma,5,2026-03-06 16:03:49,the best trima kasih 🙏
Mulyadi Yadi,5,2026-03-06 15:17:36,proses cepat ga sampe 1 hari terimakasih
Asmaniyati Aas,5,2026-03-06 12:07:47,Makin mudah untuk keperluan rakyat
Denis Ifank,5,2026-03-06 11:24:46,terimakasih sudah di permudah
Yudi Wahyudi,5,2026-03-06 09:01:33,"sangat membantu, trimakasih"
Rasasty Putri Ananda,1,2026-03-06 08:49:30,"INFORMASI TIDAK JELAS, PROSES SANGAT LAMA BERBULAN BULAN, TIBA TIBA DITOLAK DENGAN ALASAN BERTELE TELE"
Munawaroh Mumu,5,2026-03-06 08:20:38,terimakasih sudah mempermudah proses permohonan kami
Amelia Pertiwi,5,2026-03-06 04:32:37,pelayanan cepat
Tri Olga,5,2026-03-05 16:33:49,Alhamdulillah membao dgn baik.tapi mhn mnta di percepat...lagi proses nya di hari yg sama saat pengajuan
Yopi Nurvianto,5,2026-03-05 13:12:53,"Dengan Aplikasi ""Serang Bahagia"" menjadi lebih mudah"
Risky “Adit” Aditya,5,2026-03-05 09:12:12,y sangat membantu bget d kala sbuk krja
Ryan nurshodiq,5,2026-03-05 08:30:09,aplikasi nya bagus dan pelayanan nya mantap cepat dan mudah. terimakasih
Rosi Rosi,5,2026-03-05 08:11:50,"baguss bangett pelayanan cepatt ,terimakasih banyak sudah membantu ,bnyk yang terbantu krna aplkasii ini ,buat pegawai nya jugaa baikk baik"
Nanta Tamala,5,2026-03-05 06:44:38,keren..
Mualifulloh Mualif,5,2026-03-05 05:53:17,merasa terbantu dengan ada nya pembuatan AK1 secara online mudah proses
Agus Kurniawan,4,2026-03-05 05:46:00,membatu masyarakat kabupaten serang terhindar dari Mapia Mapia desa
Yuyu Yuliawati,5,2026-03-05 05:42:21,Alhamdulillah cepat juga ya pak respon nya...terima kasih banyak
muizullah,5,2026-03-05 05:40:45,pengajuan sdh di setujui tp.kok di Email lama di kirim yah
Lia Lutfiah,5,2026-03-05 04:08:30,biar bintang yang berbicara
Jahrudin,1,2026-03-05 00:42:20,min di sana nonya suruh update terbaru gimana caranya min tolong responnya kin
Riska Yati,3,2026-03-04 20:55:30,respon y lama mohon di tingkatkan lagi biar respon y cepat dan dokumen juga segera d proses satu atau dua hari terimakasih
ali yudin,5,2026-03-04 07:57:24,mantap.. proses sangat cepat
Muhammad anass Anass,5,2026-03-04 07:28:26,ok
Andre12 andre12,1,2026-03-04 07:24:30,Alhamdulillah bikin KK lewat loket dinas smpe 25 hari pdhal cuman perubahan pekerjaan doang
Wiwi Wiwi,5,2026-03-04 07:10:26,sanagattt memudahkan....
de Hayy,5,2026-03-04 06:01:22,"𝑘𝑎, 𝑏𝑒𝑙𝑜𝑚 𝑎𝑑𝑎 𝑒𝑚𝑎𝑖𝑙 𝑚𝑎𝑠𝑢𝑘 𝑡𝑎𝑝𝑖 𝑑𝑖𝑎𝑝𝑙𝑖𝑘𝑎𝑠𝑖, 𝑢𝑑ℎ 𝑑𝑖𝐴𝐶𝐶. 𝑢𝑑ℎ 𝑗𝑎𝑑𝑖 𝑎𝑝𝑎 𝑔𝑖𝑚𝑎𝑛𝑎?"
Gilang Fatwa,1,2026-03-04 05:42:31,"jam operasional sekalau muncul maksimal jam 2, oke lahh tapi ke apa saya buat permohonan jam 12 selalu ada notif jam operasional tidak tersedia, ayolahh saya kan cuman mau buat kartu AK1 nihh, yaa buat arsip nya dulu bisa kali, masa tetep ga bisa, tohh kalo jam operasional habis, tinggal di proses aja di hari selanjutnya"
Ati Ati,5,2026-03-04 05:33:42,sangat mudah dan cepat untuk membuat sebuah KK dan akte
Syahuut 0599,5,2026-03-04 03:16:56,mantap
Gojek 2017,5,2026-03-04 02:01:36,sangat membantu sekali
ROSIDATUL URFIYAH,5,2026-03-03 16:42:37,sangat satsett
HUNAEFI Bae,5,2026-03-03 09:59:30,alhamdulilah sangat terbantu
ahmad jami bahrul ulum,5,2026-03-03 07:56:13,pelayanan yang baik dan prosesnya cepat.sangat membantu. terimakasih kepada seluruh jajaran terkait 😊
Miftahurrohmah,5,2026-03-03 07:53:11,mantap lebih mudah
Een Suhaeni,5,2026-03-03 06:25:15,"proses cepat ,trimakasih"
Andre Zii,5,2026-03-03 06:24:35,top
rizal Stwn22,5,2026-03-03 05:38:41,sudah cukup bagus
Aang Ansori,5,2026-03-03 05:36:11,apk bagus
Sunenah Nena,5,2026-03-03 05:28:20,semoga kedepan pelayanan nya lebih cepat dan lebih baik lagi
Muhamad Fatoni,5,2026-03-03 05:15:35,mantap
Ahmad doni Satrio,5,2026-03-03 03:59:51,Lebih mudah dan menghindari adanya calo atau dipersulit
Ichwan Satria,5,2026-03-03 03:56:19,sangat membantu sekali. karena waktu yg terbatas dari kita. terimakasih
Betha Maha,5,2026-03-03 03:37:14,Respon pelayanan cukup cepat dan aplikasi online pengajuan dokumen adminduk sangat membantu....terimaksih dispendukcapil kab. serang
Lehan Bae,5,2026-03-03 02:50:48,bagus pengerjaan nya cepat hilangkan..pemberian bintang di kolom komentar setelah udh nagsih ulasan
Bima “Bima” Prasetya,5,2026-03-03 02:49:20,cepet banget proses nya
Tnugraha Saputra,5,2026-03-03 02:39:50,sangat membantuk untuk masyarakat
Reivhita Cahya,5,2026-03-03 01:17:18,pelayanan nya sangat baik
Wulan Sari,5,2026-03-03 00:58:36,sangat baik dan memuaskan
Aryan Rahman,1,2026-03-02 18:17:59,udah sebuln KTP blum juga sampe
nts Yad,5,2026-03-02 06:57:40,ok
Nadira Intan,5,2026-03-02 06:46:28,"pelayanannya kalah dengan UPT, UPT 1 hari kerja dinas 3 hari kerja"
Alif hanan,5,2026-03-02 06:29:51,"merasa terbantu dengan aplikasi ini,untuk mencetak KK dan Ktp yang baru."
Iip Iptiani,5,2026-03-02 06:11:20,"aplikasi nya bagus ,sangat membantu..."
Dira kartika Kartika,5,2026-03-02 05:34:28,"bagus,sangat membantu,hemat waktu terimakasih"
Ilmi Annitsatul,5,2026-03-02 05:15:55,"bagus, interaktif, dan cepat"
Usmae Niah,5,2026-03-02 02:35:30,pelayanan Cepet
Darul Khutni,4,2026-03-02 01:45:34,saya bikin akte SMA msukin anak ke KK kok blm jdi ya. akte nya udh tpi KK nya blm
Rian Donk,3,2026-03-01 19:35:56,banyak orang munafik..si apa pun yg jdi pempin Indonesia..Dari yg Ats smpe Bwah korupsi.. Indonesia gk bkl pernah maju sblum UUD korupsi di hukum mati dan di miskin kn seluruh keluarga y..bikin KTP di serang sampai perangko buat KTP y gk ad . inilah negeri ku Konoha
لقمن الحكيم lukmanul hakim,5,2026-03-01 13:59:41,sangat membantu
Asep Romli,5,2026-03-01 11:08:44,"cepet layanannya, hanya saja takutnya gak semua masyarakat bisa pake hp/aplikasi dan orang lain tidak paham ama yang online gini, semoga kedepannya bisa mempermudah bagi seluruh masyarakat serang. baik"
Ci Pa,5,2026-02-28 08:52:21,sangat terbantu dan di permudah
mae jfa12,5,2026-02-27 19:16:04,baguss😍
Qomar Rudin,5,2026-02-27 15:20:46,sangat membantu
Opan Murtopan (210122001244),5,2026-02-27 14:51:20,proses cepat dan mudah tidak perlu datang ke kantor
Ibrahim Daichi,5,2026-02-27 12:38:02,alhamdulillah lancar
faikoh serang,5,2026-02-27 11:19:29,terima kasih 👍
Guss Aguss Channel,5,2026-02-27 09:54:06,mantap
Mukhtar Elsuhada12,5,2026-02-27 06:48:12,pertahankan 👍👍👍
putridiana putri,5,2026-02-27 03:07:24,lebih cepat pakai aplikasi serang digi.bisa di rumah tidak perlu capai. ke UPT setempat. mantap praktis.
Muhammad Luckyadi,5,2026-02-27 02:22:55,baik
Hana aurelia Hannaa88,3,2026-02-26 13:26:44,ok
Ndien Anvhamser,5,2026-02-26 09:38:28,"good aplikasi, 👍"
aldi' M,3,2026-02-26 08:58:29,"sue ke dadi ne min. wis 2 minggu durung jadi bae, ora laku nggo buru buru"
Endang Darma Sasmita,5,2026-02-26 08:48:49,Kalo bisa tambahi menu RUBAH DATA KK.. karna slalu ada kesalahan tulis d KK
Yuni Listina,5,2026-02-26 08:16:10,cukup terbantu sih
Ruy Ani,5,2026-02-26 07:38:26,sangat membantu
abi amirudin,5,2026-02-26 07:31:55,keren
Rian putra,5,2026-02-26 05:00:35,"sejauh ini cukup membantu, cukup dri rmh bisa urus semua'y"
Hengki Mulyadi,4,2026-02-26 04:41:30,terimakasih sangat membantu jadi lebih mudah.
Hibatullah Dzaki,5,2026-02-26 04:40:51,"pelayanan bagus, simpel dan mudah"
Hardian syah,5,2026-02-26 03:16:21,Terimakasih dengan adanya sistem digitalisasi ini saya bisa melakukan permohonan surat AK.1 hanya dari rumah saja dan prosesnya sangat cepat.
al rizky,5,2026-02-26 02:30:19,"serang bahagia .emang sangat super sekali terobosan yang luar biasa bagi masyarakat kab serang terutama dan bagi paramasyarakatyang sibuk bekerja TDK afaeaktu untuk mengurusnya di pagi ataupun siang haridengan adanya ini kita bisa input walaupun dambilkerjadan hasilnya sangat luarbiasa gasampai Berjam jam sungguh luarbiasa sekalisemoga lbih baik dan baik lagi kedepannya,amin"
JuliaBakhrudin Bakhrudin,5,2026-02-26 02:19:03,Simple bgt yg kaya ginii jadi mempermudah proses nya ❤️
Mu'aidah 07,5,2026-02-26 02:17:52,best good
akiliyah liah,5,2026-02-26 00:18:42,sangat membantu kami
Ana Nvsa,5,2026-02-25 15:16:24,sangat mudah dan cepat
Neng Aulia,5,2026-02-25 12:07:00,sukses selalu
Anwar Jaya abadi,5,2026-02-25 11:12:23,semakin baik pelayanannya ya amiiin
wafiq musafir,5,2026-02-25 09:15:11,sangat terbantu
Risdianto,5,2026-02-25 07:14:22,sangat memudahkan dan terhindar dari pungutan liar bagi warga serang. Terimakasih banyak Bupati dan segenap pemerintahannya. Semoga ada banyak program pemerintah yg dimudahkan melalui aplikasi ini 👍👍👍
Tati Badriyah,5,2026-02-25 05:22:09,"Alhamdulillah..... Hatur nuhun pemerintah kab. serang, atas pelayanan ya, mudah dan sangat terbantu 🙏"
Sophia Qotrunda,5,2026-02-25 05:19:37,semoga selalu baik seterusnya🙏🏻
May Shantika de,5,2026-02-25 02:13:55,"Pelayanan sangat cepat dan responsif. Terima kasih, prosesnya tidak berbelit dan sesuai estimasi."
Bang Adoel,5,2026-02-25 01:18:34,sangat membantu
Jayanah Yanah,5,2026-02-25 01:13:55,sangat memudahkan dan membqntu aplikasi ini
Rifky Kiki,5,2026-02-24 18:38:46,sangat membantu
Dahlia Lia,5,2026-02-24 14:07:33,baik
Ones Srianah,5,2026-02-24 13:07:53,sangat ngebantu dan mudab
Lufi Freedom,5,2026-02-24 11:59:01,sangat mebantu
Ogah Polos,5,2026-02-24 10:16:56,biarkan bintang yg berbicara
gungun gunawan,5,2026-02-24 09:59:36,good
Tatiagus Tatiagus,5,2026-02-24 07:58:42,terimakasih atas prosesnya mantap
Ikhwan Iwan,5,2026-02-24 07:34:50,"Terimakasih atas pelayanan ya ,baik Rama dan sangat membantu kami."
Imam Gowi,4,2026-02-24 05:58:02,Alhamdulillah terbantu dengan adanya sistem online ini.jadi yg ada kepentingan kerja masih bisa untuk proses akte kelahiran di rumah
Security Tmj,5,2026-02-24 04:25:15,sangat puas pelayanannya ramah
heni eva ayuni,5,2026-02-24 03:21:35,sudah cukup bagus
Ahmad Syarifudin,5,2026-02-24 02:39:39,Josjis
Pipit Nurfadilah05,5,2026-02-23 16:16:37,pelayanan cepat dan teliti terimakasih sudah mempermudah masyarakat untuk menguras dokumen tanpa calo2
RIFALDO Dodo,1,2026-02-23 15:27:26,mau daftar ae di bikin ribet
Sti.amiinah 13,5,2026-02-23 13:23:34,👍👍
Ruheni,5,2026-02-23 10:12:39,bagus sangat tapi proses pembuatan nya agak lama informasinya kurang detail
Fiki Naki,5,2026-02-23 07:48:33,Sangat terbantu
Didin Saprudin,5,2026-02-23 07:17:36,sangat memuaskan dan membantu semua nya
Safitri 83,5,2026-02-23 06:02:56,alhamdulillah sangat bermanfaat sekali
Riss Mv,5,2026-02-23 05:36:13,Mantap memudahkan kita mengurus status kependudukan dengan simple
aziziah andini,4,2026-02-22 23:19:10,sudah baik
Vinaafix Asri889,5,2026-02-22 15:07:39,"terimakasih sudah di respon, semoga cepat prosesnya"
Aedi Sakha,2,2026-02-22 10:54:31,Pekerja DisDuk seenaknya jidat aja main tolak gak bisa berikan komentar untuk menjelaskan. mohon pecat pegawai yg tidak bisa menghargai masyarakat.
febri santoso,5,2026-02-22 00:06:13,pelayanan cepat
Ningrum Arum,5,2026-02-21 09:39:52,sangat baik
Elvi Dewita,5,2026-02-21 04:17:29,"sangat mudah dipahami, serta terimakasih atas bantuanya pada semua yang bekerja di catatan sipil serang banten"
cepy hidayat,5,2026-02-21 01:32:24,lebih menghemat waktu
Yanyan Ayank,5,2026-02-21 01:05:36,Alhamdulillah disetujui juga terimakasih serang bahagia.
Peri Ajah,5,2026-02-20 14:55:09,saya puas dengan pelayanan nya
bibin nurbiantoro,5,2026-02-20 14:00:50,"tidak mengecewakan, selalu tangkas dan cepat, lebih tingkatkan lagii"
MUSFIK OPIEK,5,2026-02-20 12:04:44,Sangat membantu
Moel,5,2026-02-20 09:26:24,"mantap aplikasinya, mempermudah pembuatan Ak1"
MUQHNI SASI KIRANA,5,2026-02-20 06:38:43,"Luar biasa.... nyata, Standar playanan publik yg dpt di rasakan secara gratis. Sepi Ing Pamrih Rame Ing Gawe"
Mufthi Azis,5,2026-02-20 05:55:21,terimakasih aplikasi ini sangat membantu
Umen Umela,5,2026-02-20 05:48:24,Trimakasih merasa snagt terbantu dngn aplikasi ini
Ayunindy_ Official,5,2026-02-20 05:35:00,sangat membantu
Pandy Amor,5,2026-02-20 04:39:04,respond sangat cepat
Dewi Fitriyani,5,2026-02-19 12:10:12,"cukup membantu, hanya kurang arahannya saja"
Suhenah,5,2026-02-19 11:30:13,"sangat membantu sekali,terimakasih"
MassR MassR,5,2026-02-19 11:08:21,sangat memuaskan
Hafsoh01 Oey,5,2026-02-19 10:39:12,sangat membantu admin fast respon👍👍
Joko Wardoyo,5,2026-02-19 07:26:43,oke thanks
M rifki Maulana,5,2026-02-19 06:47:04,keren
Ade Jaya,4,2026-02-19 05:46:00,"Tolong aplikasinya dibenerin. Berhasil bikin akun, tetapi tidak bisa login."
Rasmi Crs,5,2026-02-19 05:45:04,merasa jdi mudah dan layanannya oke
Rehan Trio,5,2026-02-19 03:18:03,sangat membantu
Avril Liasaputri,5,2026-02-19 02:23:54,luar biasa pelayanan is the best
Sarkani Doang,5,2026-02-18 15:27:41,dgn adanya apk serba digi ini kita tidak perlu repot-repot ke discapil KLW mau urus kependudukan..merasa terbantu bgt utk wilayahnya yg jauh dr kantor discapil... sedikit masukan tingkatkan lagi utk pelayanannya 🙏
Nopa Purnama Sari,4,2026-02-18 13:44:22,sangat membantu sekali adminnya dalam memproses data. 7 Februari mengajukan membuat KK baru menikah 18 Februari langsung jadi. maa shaa Allah
Dita Anatasya,5,2026-02-18 11:59:45,sangat praktis
Oni Sahroni,5,2026-02-18 11:09:29,"makin mudah,kalo emg mengerti dan faham alurnya gratis pula, cuma biaya print & laminating aja"
KdZ Wahyu,5,2026-02-18 11:04:24,good lah👍
arya sayap,5,2026-02-18 09:56:59,sangat membantu ..
Husna Julianti,3,2026-02-18 07:51:50,tempat tanggal lahir anak ko kabupaten nya d cantumin bukan serangnya aja
Rifki Hidayatullah,5,2026-02-18 07:22:43,"sudah cukup bagus... minta tolong untuk ditingkatkan lagi /dipercepat lagi dalam proses semua dokumen.. diharapkan 1 atau 2 hari jadi , bilaperlu dalam hitungan jam sudah jadi..."
Romandus Siringoringo,4,2026-02-18 07:19:26,baik
Reo Chandra,2,2026-02-18 06:36:14,pengiriman lewat kurir lama
Herdiyanti Rn,5,2026-02-18 03:56:48,"waktu pembuatan sangat cepat , pendaftaran online sangat membantu"
Pratmi Pradana,5,2026-02-18 03:21:45,terima ksh atas pelayanan yg baik
Nuraeni Aeni,1,2026-02-17 18:07:00,datang ke kantor lambat pelayanan nya lewat online jg masih sama aja gak ada progres sama sekali. tolong untuk ibu bupati perhatikan lagi buat aplikasi yg bisa bermanfaat buat warga nya kalo masih lemot sih sama aja
juhaetii,2,2026-02-17 05:52:25,"kia blom jadi"""
Bang Payuy,5,2026-02-17 05:26:53,👍
Lia Usliyah,2,2026-02-16 11:47:44,saya bikin akta kelahiran sama kartu kelurga tapi file nya belum juga di kirim lewat email.. kenapa yah
IHWAN,1,2026-02-14 14:00:12,"aplikasi gak ngebantu, udh pengajuan 2 kali gak ada kabar dari tahun kemaren sampe sekarang"
Bayyinah Robbiyah,2,2026-02-14 11:33:42,"tolong min , adain live chat biar bisa komplen atau nanyain mslh progres pengajuan, ini sya ngajuin pembuatan akte dan kk sudah d setujui tapi udh satu bulan engg d kirim"" hasil.a gmn sih dtg langsung tidak d lajani suruh onlen tpi pas sudah onlen tpi engg ada kejelasan. khusus kecamatan kragilan"
Fiqri Fatin,5,2026-02-14 02:07:58,pelayanan cepat
Ahmad Rijik,5,2026-02-13 16:00:18,alhamdulilah sangat menbantu semoga trs amanah dan menbantu masyarakat yang membutuhkan. terima kasih
PANGERAN,5,2026-02-13 11:52:04,Terima kasih 🙏🏻
muhamad faisal,5,2026-02-13 11:36:02,sekarang jadi mudah deh bikin surat kuning
Linda Wati,4,2026-02-13 10:21:33,Terima kasih atas pelayanannya
Angga Rohamtullah,5,2026-02-13 10:02:56,saya sangat bahagia
jumah ziv,5,2026-02-13 09:23:21,pelayannya sangat baik🙏🏼
Radi Pratama,5,2026-02-13 08:27:19,proses cepat
agung Setiana,5,2026-02-13 06:36:47,pelayanan nya mudah👍
ali rosyidi,5,2026-02-13 06:22:06,lebih bagus lg klo ada live chat jdi bisa langsung tanya2 jika ada hal sesuatu
Pupung Kelana,1,2026-02-13 06:10:07,di arahkan ke online tapi ngurus KTP rusak hampir sebulan
Nafidal Bahru12,5,2026-02-13 04:47:42,terima kasih sangat membantu sekali
Marsembah Purba,5,2026-02-13 04:40:36,sangat baik
eko nurkholidin,5,2026-02-13 03:59:49,sangat membantu... terimakasih..
Aji Serank,5,2026-02-13 03:26:33,"terimakasih ibu/BPK dengan adanya aplikasi serang bahagia,lebih mudah dan praktis sangat membantu.. terimakasih 🙏.."
Aimmatul Khazanah,5,2026-02-13 02:12:40,sangat membantu
Asep Saepudin,5,2026-02-13 00:47:33,mantap
Tya Rizki Murniasih,5,2026-02-12 14:32:06,kenapa ini tiba2 ga bisa buka pelayanan mau pengaduann kemana yaaa
Ina Supriyatna,5,2026-02-12 13:07:29,bagus sekali aplikasinya sangat membantu
Blue Sky,5,2026-02-12 11:49:03,"sangat mempermudah pergantian kk, ktp dll ☺ tanpa caloh,,,,"
cinta amelia,5,2026-02-12 11:41:02,Nice
Rahmat Aditya,5,2026-02-12 10:17:14,"Alhamdulillah Terima kasih sudah sangat terbantu sekali,sukses selalu Kab.Serang makin terwujud ""Serang Bahagia"""
Yeni Andriyani,5,2026-02-12 09:28:58,maantapp
Nia Hhuszy,5,2026-02-12 08:27:12,puas membantu masyarakat
Hadiansyah Jaya,5,2026-02-12 07:45:17,"Terimakasih, Aplikasi ini membantu untuk kepengurusan data, dan pihak kecamatan di Kramatwatu pun membantu dengan baik dalam pemakaian aplikasi ini. terimakasih"
Kenzi lazuardi,5,2026-02-12 06:42:33,sangat mempermudah masyarakat
MUHAMAD FAJRI,5,2026-02-12 05:42:43,terimakasih sistem online dukcapil. ini sayang bagus.
Hadi Aljabarru,5,2026-02-12 05:12:46,"mantap,terima kasih"
Dee Sf,5,2026-02-12 03:13:57,Sangat membantu
Atma Keenan,5,2026-02-12 02:53:27,sangat membantu
Doni Sibarani,5,2026-02-12 02:53:08,berguna juga bisa memudahkan urusan
Uko Komick,5,2026-02-12 00:52:29,kinerja bagus dan sangat membantu
ipul,5,2026-02-11 12:33:39,baik respon nya dan cepat
Reka M,5,2026-02-11 12:28:35,"mempermudah urusan ,tidak perlu repot repot ke kecamatan atau ketemu pegawai2 yg judes itu wkwkw,terimakasih poll,mulai dar urus surat pindah,bikin ktp dll,pokoknya bgus aplikasi ini bila perlu semua nya bisa urus dsini biar ga terlibat dengan pengurus pengurus mulai dari kelurahan atau kecamatan"
Ricky Agustian,5,2026-02-11 11:50:42,sangat membantu dan proses'y cepat
Mimin Aminah,5,2026-02-11 07:34:51,mantap
Paldi Paldi,5,2026-02-11 05:32:59,pembuatan KK lumayan cepat isi data tggl4 eh tggl5 udah di kirim
Arif Hidayat,5,2026-02-11 03:34:31,"alhamdulillah mempermudah kebutuhan masyarakat yg jauh dari kampung, mau bikin akte lahir pun mudah"
moch bas,5,2026-02-11 03:12:39,ibu Zakiyah LAN bapak Najib mantap lah iruhh info pegawean kuh
Ahmad Syihabudin,5,2026-02-10 22:50:25,"terima kasih dengan adanya aplikasi ini, urusan jadi mudah"
Cahaya Sablon (Cecep),5,2026-02-10 16:02:25,"sangat terbantu sekali,,,terimakasih"
Faisal Bakhri,1,2026-02-10 09:29:10,aplikasi ga jelas. bikin KK baru kia akte keterangan nya minta update aplikasi padahal sudah update
wiwi,5,2026-02-10 08:01:46,apk yang sangat amat membantu 👍
Ahmad,5,2026-02-10 07:55:26,"ada y apk ini,ngerasa terbantu sekali"
Knza hijab Store,5,2026-02-10 05:33:49,"pelayanan oke cepat membantu masyarakat kabupaten serang, tinggal cari kerja lewat aplikasi serang bahagia ini tembus ngga yah"
hamiluddin Unding,5,2026-02-10 01:57:43,sangat membamtu dan lebih mudah.
muhamad fauzan hilmani,1,2026-02-09 11:17:04,proses mengajukan KK saja lambatnya minta ampun sudah lebih 2 Minggu belum jadi
Rokmah Salsa,5,2026-02-09 11:04:24,sangat membantu cukup dirumah ajukan 3permintaan proses langsung selesai. gratis pula tidak keluar biasa. cukup bayar 10rb print sama pres.
Nazarul Ilham,5,2026-02-09 10:39:31,ntap
Dastiani Syarifah,5,2026-02-09 09:25:41,cepat 1x24 jam
Uum Umyati,5,2026-02-09 03:55:25,mantap sangat membantu
Raditya Raditya,5,2026-02-09 03:40:59,terimakasih udh membantu
Mhmd Dilah,5,2026-02-09 03:16:48,gercep gak ribet
Romi Hidayat,5,2026-02-09 02:36:30,sangat sangat membantu terimakasih aplikasi serang bahagia
Erman Pejuang Qodo,1,2026-02-08 14:08:35,sekarang tidak ada bikin kartu keluarga yg baru nikah
Acil Rika,5,2026-02-08 13:10:06,sangat membantu
Gufron Gufron,5,2026-02-08 07:40:19,puas banget sangat terbantu sekali.
Nur Aeni,5,2026-02-08 07:33:10,Sangat membantu jadi tidak perlu capek² ngantrii proses sangat cepat terimakasih
Angga Fikri,1,2026-02-08 07:12:18,"katanya sehari, eh seminggu ga jadi"
abang bidin,5,2026-02-07 11:22:15,sangat membantu masyarakat membuat ubah sttus ektp
Saeful Amin,1,2026-02-07 09:01:38,"Sangat mengecewakan. Sudah 1 bulan pengajuan, sudah disetujui tapi tidak ada realisasinya. Hanya pencitraan dan slogan belaka. Aplikasi tidak berartii."
Tatang Jo,5,2026-02-07 08:39:27,sangat bagus
RJ Hidroponik,5,2026-02-07 04:54:52,mempermudah dan respon cepat ..hatir nuhun kab.serang . pokoke serang bahagia cocok banget buat yg sibuk kerja ga bisa urus berkas langsung
Vicky Firmansyah,5,2026-02-07 04:25:41,apk membantu masyarakat... keren bngtt
Hady Dy,2,2026-02-06 18:17:56,proses lama 15 hari KTP ga dateng2 keterangan sudah di setujui dan di kirim lewat via online ekspedisi pengiriman TIKI. Mohon untuk segera di perbaiki.
agung rizki,5,2026-02-06 10:56:05,"mantap, mempermudah masyarakat yang tidak punya waktu untuk mengurus secara offline."
Iin Farlina,4,2026-02-06 10:31:46,mantap. cepat proses
Indra Ganteng,4,2026-02-06 06:09:54,bagus
Ardan Wicaksono,5,2026-02-06 03:10:28,ok membantu
Ima Rastimah,5,2026-02-06 03:09:28,bisa di kirim via email ngga pa
Hizam Zamzam,5,2026-02-06 02:04:24,alhamdulillah merasa terbantu banget proses cepat dan mudah
ocim Brader,5,2026-02-05 13:03:52,sangat membatu dan pelayanan sangat cepat😊👍
Dedi Alex,5,2026-02-05 10:20:37,makin bagus dan mempermudah masyarakat dan buat pembelajaraan bagus sekeali klo bisa respon dan tanggapan'e lebih dipercepat dan dipermudah aplikasi'e agar orng yg tdk paham juga lebih mudah memahami'e terima kasih.....
Nurjaya 86,5,2026-02-05 10:17:10,sangat bagus
ahmad tobri,1,2026-02-05 08:43:54,untuk apk sangat terbantu. tp untuk petugas Capil Lebak wangi tolong lebih teliti lagi disetujui tp GK kirim pdf dan mempersulit persyaratan. tolong di bimbing lagi pegawai nya harus jeli dan teliti
Sinung Widodo,5,2026-02-05 08:42:52,"Terimakasih SERBA DIGI, saya sangat terbantu..."
Ndhoy si bungsu,5,2026-02-05 08:37:29,ngurus akte atau pun KK jadi mudah semenjak ada apk serba digi
Asep Alfatih,5,2026-02-05 07:59:58,alhamdulillah
Aynawa Zahra fitria,5,2026-02-05 07:46:46,"kalo begini jadi tidak oknum² tdk bisa pungli, mantappppp"
Jaenul Firdaus,5,2026-02-05 05:46:02,akses Membuat Ak 1 Permohonan Kerja. Cepat . pelayanan Respontsif
Saepul Rohman,5,2026-02-05 05:14:10,terbaik
Murniyati 10,5,2026-02-05 05:08:52,sangat baik
Bagus Zulfikar,5,2026-02-05 04:55:16,ok
Risna Wati,3,2026-02-05 04:52:48,pembuatan KTP uda di setujui bulan Desember tapi sampai bulan ini belum di kirim
Rois Ali,5,2026-02-05 04:03:29,baik
Melda Oktavia,5,2026-02-05 03:32:19,"sangat memudahkan dn membantu masyarakat dalam mengurus berbagai pemberkasan, document keluarga terutama nya"
Nur Afreza,5,2026-02-05 03:18:38,membantu sekali
Obie Maulana Al-Bantani,5,2026-02-05 02:48:52,"aplikasi ini sangat membantu buat masyarakat yg sedang merantau. semoga kab serang semakin maju dan sukses, amiin.."
Dani Nurdin,5,2026-02-05 02:21:50,masih suka eror
Ranto Wani,5,2026-02-05 01:04:51,"sangat luar biasa,jadi lebih praktis,semoga cari pekerjaan di aplikasi ini juga bisa ya pak"
Ipang Sopandi,5,2026-02-04 14:12:14,"alhamdulillah memudahkandahkan , semoga Alloh mudahkan urusan orang yang memudahkan urusan orang lain"
Romli Fiyya,5,2026-02-04 12:02:30,pelayanan cepat dan praktis langsung jadi
Jus Abang,5,2026-02-04 08:08:48,Oke
Maliq Bola,5,2026-02-04 08:04:56,Terima kasih sangat membantu dan mempermudah...
Abu Hanifah,5,2026-02-04 07:48:15,pelayanan nya sangat baik
Faidulloh,5,2026-02-04 07:07:55,cepat dan mudah
Akhtar Fp,2,2026-02-04 04:07:36,respon lambat pelayanannya pun sama... antrian 1 aja makan waktu 3 hari seminggu lebih baru beres 1 KTP
Roji Ullah,5,2026-02-04 03:36:11,kualitas pelayanan sangat ramah👍
Sudirman,5,2026-02-04 02:58:09,mantap
Visi Khoerunisa,5,2026-02-04 01:57:51,sangat membantu!
Samin Udin,2,2026-02-03 12:25:42,bikin dari tanggal 28 sampai sekarang tgl 3 ko blom nyampe² KTP nya. padahal sudah di setujui 🤦
kang rongsok,3,2026-02-03 07:03:38,tolong di update..atau di perbaiki lagi aplikasinya Min..kadang mau masuk aja susah..udah capek2 ngisi malah keluar sendiri..
Siti Fatimah,1,2026-02-03 04:46:29,"kmrn saya daftar serba digi, saya pengajuan urus cetak ulang ktp alasan pindah datang dan tersisa 4 antrian dari pagi sampai mlm tidak berubah. dan pagi ini saya mendapati akun serba digi saya ter logout dan tidak dapat masuk kembali menggunakan akun yg sama."
Had Romi,5,2026-02-03 02:57:34,semenjak ada aplikasi ini sangat membantu untuk urusan persyaratan pencarian kerja
Hajiji Ze,5,2026-02-03 01:43:08,bagus
Luthfy N,5,2026-02-02 23:46:32,"mantap,,,membantu sekali"
Andi Azizi,3,2026-02-02 13:56:11,masih kurang memuaskan
dudin Smpl,5,2026-02-02 12:54:46,"MEMBANTU SEKALI PRAKTIS, DAN CEPAT"
Teddy Firmansyah,5,2026-02-02 11:29:17,mudah digunakan dan sangat membantu
euis rohayati,5,2026-02-02 10:24:06,"Sangat membantu, gak perlu repot datang ke tempat. terimakasih"
Fajar Firdaus,1,2026-02-02 09:59:44,gak ada menu mengubah pendidikan di kk
Heri Santoso79,5,2026-02-02 06:18:38,semoga prosesnya makin dipercepat jangan lebih dari 1 minggu.
Febrian Hamidi,5,2026-02-02 05:48:55,mempermudah
Nur Nurlatifah,5,2026-02-02 03:53:56,mantap
Afif Habibi,5,2026-02-02 03:34:03,sangat membantu dan mempermudah
Falah Fathul25,5,2026-02-02 02:48:51,mantap
Bagus Aji,5,2026-02-01 09:48:23,the best semoga makin maju . dan proses jadinya cepet
Rita Moba,1,2026-02-01 03:11:38,"pelayanan lelet bnget haduh KTP Uda 3 hari blm d proses juga niat g si mnding bikin lngsung deh cmn 1 hari beres ini ga d urus"" mau smpe kpn lh heran"
Jamal Ardi,5,2026-02-01 02:31:08,ok
"Bang Oziel,",5,2026-02-01 01:37:42,lumayan membantu buat aktifitas masyarakat serang
Alham Muhammad,1,2026-01-31 12:45:09,"ga jelas , diapk kirim lewat kurir malah suruh ambil di upt, udah tau hari biasa kerja ga sempet ke kantor upt ,, aplikasi sia sia ga ada guna"
Amizan Rotul,5,2026-01-31 10:42:43,sangat puas dengan pelayanan nya semoga pelayanan nya semakin di tingkat kan lagi jangan sampe turun semangat💪💪💪💪
Rusma Wati,5,2026-01-31 07:52:31,Terimakasih banyak atas pelanyanan ya 😇🙏
sary 01,5,2026-01-31 04:07:13,sangat sangat membantu masyarakat yg mau merubah atau membuat identitas tanpa harus antri lama² lagi
iib hayubi,5,2026-01-30 16:21:57,cakep
Bahyuroh Yuroh,5,2026-01-30 13:11:44,Terima kasih sudah di bantu dan adanya aplikasi memudahkan kita untuk membantu masyarakat😍👍🙏
Syarif Hidayatullah,5,2026-01-30 11:10:59,lebih efisen dan jauh dari pungli
Tarmidi,5,2026-01-30 09:30:15,mempermudah pelayanan
Mamie ittiw,5,2026-01-30 06:07:59,ganti KTP rusak melalu apk ini mudah dan membantu
ozza navarof,5,2026-01-30 05:01:26,tidak bisa balas di komentar
Ihya Ullumuddin,5,2026-01-30 03:47:15,sangat membantu meskipun nunggu antrian
nur muhklis hidayanto,5,2026-01-29 11:46:39,lebih praktis
Hendra Gunawan,3,2026-01-29 11:10:14,Pengajuan pindah penduduk lama di proses
Guntur,5,2026-01-29 08:46:30,"terima kasih banyak,sangat membantu"
Novi Prakerja,5,2026-01-29 05:31:05,mantap untuk kecamatan Cinangka.. pengerjaan nya satset. kalopun ada berkas yang tidak sesuai pasti di beri tahu. mantap pokok nya
Ramdan Pratama,5,2026-01-29 04:06:36,pelayanan cepat
Super Yani,1,2026-01-29 03:37:27,smakin kesini makin ngga jelas proses nya sudah 1bulan pengajuan buat kk statusnya msh proses truss
Arkana Bae,5,2026-01-29 02:26:46,baik
Permata Cell,5,2026-01-29 01:07:40,pelayanan membantu warga kabupaten serang.terima kasih..
Agus Aliudin,5,2026-01-28 15:10:06,sangat membantu
Muhammad Fariz Fahrezi,5,2026-01-28 13:31:28,"mudah, respon cepat, hasil oke, mantap"
Silvia,5,2026-01-28 10:09:48,keren deh
sakum agus,5,2026-01-28 08:27:19,mantap
fajar ruipandi,5,2026-01-28 08:20:20,keren serang sekarang apa apa jadi lebih mudah
kasyif VLOG,5,2026-01-28 07:26:15,serang bahagia
Nufus Duck,5,2026-01-28 07:01:31,respon nya cpt...pelayanan nya lebih baik
Siti Nuroh,5,2026-01-28 05:11:56,terbaik
Lastri Jepang,5,2026-01-28 04:31:14,bagus dan gercep langsung satset prosesnya👍👍👍👍👍
Eva Sunarsi,5,2026-01-28 01:39:07,prosesnya sangat mudah dan cepat
sri sukanti,5,2026-01-28 00:37:06,"sangat membantu,"
Acul Aja,5,2026-01-27 20:01:04,Sangat membantu dan mempermudah
Maftukhi Crs,5,2026-01-27 11:01:22,aplikasi yang sangat membantu.. tinggal tunggu hasil setelah pengajuan
SYAEFUL BAHRI,1,2026-01-27 06:12:00,"apk apaan,, bilang paling lama seminggu,, ini udah seminggu lewat ga jadi jadi ktpnya.."
Hafiz Alfarizi,5,2026-01-27 05:45:52,Sangat Membantu
Iqbal Bungsu,5,2026-01-27 04:42:03,cepat tanpa ribet
Bukhori muslim,2,2026-01-27 04:32:04,"nunggu hampir 1 bulan pas udh jadi malah jenis kelaminnya salah lagi, di ubah nunggunya lama lagi jadinya paraaaah"
Agus Sudrajat,5,2026-01-27 04:29:19,"saya merasa sangat terbantu, dg kondisi saya diluar kota masih bisa urus2 dokumen kependudukan secara online, sebaiknya kabupaten dan kota lainnya seperti ini"
Pardi Pardi,5,2026-01-27 04:11:30,"sangat baik untuk pelayanan kontak yg bisa di hubungi,untuk fitur dan aplikasi tolong di tingkatkan lagi,terima kasih"
bagusdwi herlambang,5,2026-01-27 03:26:20,memuaskan dengan aplikasi ini
Rahma Wati,5,2026-01-27 03:09:09,"terima kasih sangat, sangat membantu sekali bwt kami yg jauh banget untuk mendatangi kantornya langsung"
Malik Fahad,5,2026-01-27 02:41:45,Alhamdulillah dengan adanya aplikasi Kabupaten Serang bahagia ini kami sangat terbantu dalam hal pengurusan segala macam administrasi. Semoga kedepan semakin baik lagi. Dimohon agar kolam kementar agar tidak terhalangi oleh merek BERIKAN ULASAN. terima kasih
Mu Muhaji,5,2026-01-27 02:05:27,aplikasi yang sangat cepat dan bagus👍👍👍
Febi alvian Hidayatullah,5,2026-01-27 00:59:20,"mantap, penanganan mengenai data sekarang makin mudah👍👍👍"
MUHAMMAD RABBI,5,2026-01-27 00:14:16,Lebih dipercepat lagi biar bagus
Iif Samsung,5,2026-01-26 12:09:09,mantap
Muhammad Rizky,5,2026-01-26 12:00:48,pelayanan nya sangat puas dan GK ribet jadi simpel GK usah datang ke kantor nya
Rofi Galang,5,2026-01-26 09:38:54,mantap mudah dan cepat saya merasa terbantu dgn ada nya aplikasi serbadigi
Nasrull Nasrull,5,2026-01-26 09:25:56,mantap
Ad S,5,2026-01-26 08:58:01,pengalaman baru mengurus perpindahan domisili Kartu Keluarga secara online melalui aplikasi Serang Bahagia
Risdianto,5,2026-01-26 06:06:13,baik dan memudahkan
Siti Nurasiah,4,2026-01-26 05:18:21,lumayan lah
ade kurnia,5,2026-01-26 05:08:40,pelayanannya baik dan ramah. 🙏
Andoy Maulana,5,2026-01-26 04:50:46,layanan ini sangan membantu respon cepat dan sesuai harapan 👍 tetap pertahanan kualitas kinerjanya 😇
Nuriya Wati,5,2026-01-26 04:48:19,"sangat membantu, dan prosesnya juga mudah"
Sudhea Nabilah,5,2026-01-26 04:38:30,pelayanan nya cepat namun pengiriman lama
Siti Maryam,5,2026-01-26 02:34:25,Baik
Mursid Nur,5,2026-01-26 02:15:19,"Mantap, Layanan cepat , Mantap"
ella medika,4,2026-01-26 01:01:11,aplikasinya gak bisa balas chat pengajuan karena tertutup harus beri penilaian mulu.
Mela Lili,3,2026-01-25 18:20:53,"kenapa peroses antrian nya lama banget,nunggu 11 antrian saja sampe 1 minggu."
suhaesti julia,5,2026-01-24 15:57:19,aplikasi yang sangat mempermudah warga serang. terimakasih banyak sudah membantu kami
Nisa Alfi,1,2026-01-24 12:35:27,kenapa aplikasi tidak bisa di buka yah
Deny Suhendar,3,2026-01-24 11:38:54,membantu buat yg rumah nya jauh sih Alhamdulillah tpi lumayan lama juga nunggu nya
jack jr,5,2026-01-24 11:33:23,kren bnget
Ely Marlina,3,2026-01-24 06:20:18,Alhamdulillah bisa ke bantu walaupun tidak harus pergi ke kantor nya
Bambang Mardian,5,2026-01-23 17:16:00,sangat membantu tapi kk saya tidak terdaftar di dukcapil nya gimana ya solusi nya
Yogi Yuanda,5,2026-01-23 15:02:11,Salah satu trobosan Terbaik..
Rudy Setiawan,5,2026-01-23 10:55:27,Pelayanan cepat... 🅑🅐🅖🅤🅢 1 hari pengajuan besoknya udah selesai.
selfi miftiah,5,2026-01-23 10:48:42,"pelayanan gercep, mantap"
Mas agus.s.h,5,2026-01-23 07:45:50,masih banyak di perbaiki di sistem nya di peringkat
Ali Ali,3,2026-01-23 07:30:32,"sekarang setiap cek tunggakan PBB, terjadi kesalahan Mulu, payah"
Indah Kusumahwati,4,2026-01-23 05:58:30,"pengerjaan cepat untuk pembuatan kk sama akta lahir, tapi untuk kehilangan ktp lama"
Eva Hana sari Sari,5,2026-01-23 04:57:49,"aplikasi bagus mudah untuk di mengerti,respon juga cepat"
Nada Aja1011,5,2026-01-23 04:56:04,"mempermudahhh kami , hanya tunggu dirumah . note harus sabar karna proses lumayan memakan waktu tp sejauh ini sangat bermanfaat sekali"
Enjelita Panjaitan,5,2026-01-23 04:46:02,sangat memuaskan pelayanan nya sangat Baik
agung ramadhan,5,2026-01-23 04:10:46,sangat membantu
edy turangga,5,2026-01-23 03:50:09,pelayanan lebih cepat bisa d lakukan d rumah tanpa harus dtg ke kantor disdukcapil
Babay Masruroh,5,2026-01-23 01:21:24,sangat membantu sekali dengan adanyanya pelayanan online ini
Sumirah Ammar3110,5,2026-01-22 23:38:14,terlalu banyak di update padahal belum sebulan tapi udah ga bisa digunakan lagi harus update dulu
"As,Ad Aad",5,2026-01-22 16:28:10,mudah dan gak ribet dan tidak meng gangu aktifitas kerja cukup bkin di ruma aja
adik cahya putra pamungkas,5,2026-01-22 12:57:44,tidak perlu antri ke kantor capil waktu pendaftaran yang flexibel UI aplikasi mudah di pahami
Rafisqi Al-fathan,5,2026-01-22 12:28:06,berapa hari ktp di kirim ya
Arya Suta,5,2026-01-22 10:45:11,oke good job
Najmu Najmudin,5,2026-01-22 10:18:30,pelayanan cepat
Mang Noerdin,1,2026-01-22 09:45:12,tetap sajah pelayanan nya lelet. pengajuan punya saya sampai skarang blum di proses².
Kang Iman,5,2026-01-22 09:07:16,pelayanan nya the best
Sri Alfina,4,2026-01-22 06:09:03,"update mulu, log out lg, login ggl trus"
PriliYanti Neng,1,2026-01-22 05:56:26,ko aplikasinya gbisa d buka yaa loading mulu tiba2 keluar
Beni Darknezz,5,2026-01-22 03:52:32,terbaik
Eva Wati,5,2026-01-22 03:51:51,Efektif dan Efisien
Udin Sambi,5,2026-01-22 03:32:23,mantap
DEDEN JR 07,5,2026-01-22 02:47:31,pelayanan mantap respon cepat.
Erik Purnama,5,2026-01-22 02:23:21,memudahkan para cari pekerjaan
Imas Riyah,5,2026-01-22 02:07:06,sangat membantu sekali
Alwi Hafid (Alwi Squad Legion),5,2026-01-22 01:56:28,"mohon tingkatkan aplikasi ini, dan beri fitur live chat costumer service agar masyarakat kab. serang bisa lebih mudah . jika sudah ada fitur live chat letakan fiturnya di beranda atau dibagian pengaturan"
Sugiono Ono,5,2026-01-21 15:53:08,Alhamdulillah semoga lebih baik lagi
Atmi Irmayanti,5,2026-01-21 13:55:04,sangat membatu
Dhea Age,5,2026-01-21 10:06:38,ok.
jaja jahira,5,2026-01-21 09:48:42,"aplikasi yang membantu masyarakat, mengubah, memperbarui dan mengupdate pengkinian data kependudukannya, saya suka karena telah terbantu, terimakasih"
Tufyana Mawan,5,2026-01-21 08:15:11,membantu banget adanya aplikasi ini.
Al hapidh Alhapidh,5,2026-01-21 07:41:34,pelayanan yg mudah
Hayatun,1,2026-01-21 06:43:39,"pelayanan kecamatan Pulo Ampel, No good. . buruk sekali pelayanan nya. ."
Nur Asiah,5,2026-01-21 06:09:32,memudahkan masyarakat dalam kepengurusan. kependudukan...aplikasiyg jozz dan sangat membantu masyrakat
Dodi Gustiyawan,5,2026-01-21 05:49:41,"Terima kasih, sangat membantu"
Agus Suhanda,5,2026-01-21 05:05:21,"semua serba lancar, cuma pertama agak bingung"
inf,5,2026-01-21 04:03:36,better walau lama
Yani oktafiani Yani,5,2026-01-21 02:47:38,bagus mantap
Sandi Setiawan,5,2026-01-21 01:54:23,singkat padat selesai no ribet no pungli
Rifki mahendra 114,5,2026-01-21 01:51:16,jos terbantu apa lgi buat yang jarak tempuh jauh
Eko Kuswanto,5,2026-01-21 00:55:00,"trimakasih pelayannya,memberikan kemudahan kepada warga masyarakat semua👍👍👍🙏"
Ainun Maesaroh,5,2026-01-20 23:59:07,sangat membantu
Akang Naliem,5,2026-01-20 23:56:17,Luar Biasa....semoga kedepan lebih maksimal lagi....untuk saat ini sudah lumayan bisa membantu masyarakat dalam mengatasi segala persoalan administrasi kependudukan dan perpajakan....de el el pokoknya cukup bintang yang bertengger.
Iswanto Atoy,4,2026-01-20 23:13:10,pekayanannya kurang cepat untuk pengurusan ktp pindah sampai 2minggu nunggu antrian...mohon untuk dipercepat pelayanannya...
Basir Sir,5,2026-01-20 16:53:09,sangat terbantu dengan adanya aplikasi serang bahagia
irwan septiawan,5,2026-01-20 14:52:12,cepat tanggap👍👍👍
Seto Nugroho,5,2026-01-20 12:36:40,"proses secara online sangat membantu dan efisien tidak perlu repot-repot datang dan antri apalgi untuk yg bekerja sangat amat membantu sekali, proses cepat terimakasih ."
Nufail Haedar,5,2026-01-20 11:19:22,sangat terbantu berkat aplikasi ini dan sangat bermanfaat. terima kasih. semoga ke depan warga kabupaten serang semakin cerdas
Ayu Marini,5,2026-01-20 11:08:16,sangat membantu
Muhamad Amsudin,5,2026-01-20 07:01:22,"merasa terbantu dengan adanya apk ini, bisa ngurus secara online bagi saya yang punya anak dan jarak jauh"
Irwan Maulana,5,2026-01-20 06:10:33,"alhamdulilah terimakasih, sukses berkah slalu, sy pribadi sebagai masyarakat merasa di mudahkan dan terbantu🙏"
Solihin 316,5,2026-01-20 05:29:56,"apk sangat membantu, semoga petugas pelayanan di kab.serang selalu diberi keberkahan..aamiin."
kiki anden,5,2026-01-20 05:28:27,makasih buat pelayanan nya . the best emang
Ilhamsah Ilhamsah12,5,2026-01-20 05:10:32,bagus
Ahmad Fahroji,3,2026-01-20 04:59:00,pelayanan belum memuaskan
Dwi Phaty,5,2026-01-20 04:45:29,mantap
Saba Kingking,5,2026-01-20 04:39:08,kinerja sangat bagus
suwanda fitri,5,2026-01-20 04:33:47,sangat terbantu terimakasih serba digital🙏🙏
Bang Riyan,5,2026-01-20 04:19:55,sangat membantu dan mempermudah
Andika Permana,5,2026-01-20 04:10:23,cept dan nyaman
Jamal Jamaluddin,5,2026-01-20 03:04:55,mantap semakin canggih
Nursiam Niati,5,2026-01-20 02:28:10,sangat membantu sekali
ZakaZaky 1622,5,2026-01-19 07:43:34,"mudah, gampang, pelayanan cepat, seller ramah."
Anwar Abdul Kohar,5,2026-01-19 07:14:35,Sangat membantu sekali Terimakasih. 😊
raffi yusuf,5,2026-01-19 06:08:45,pelayanannya sangat memuaskan.. apalagi saat pengambilan KTP ya dilayani dngn ramah.. sukses terus ibu tantri... the best
Bunga Fortuna,5,2026-01-19 05:00:30,sangat terbantu sekaliiiii
Riyandos Rumapea,4,2026-01-19 04:46:45,sangat membantu
Adhe Afhidy,1,2026-01-19 04:01:06,"proses kurang hari, tambahan harusnya setiap hari on kecuali sabtu minggu 🙏"
andi didi,5,2026-01-19 03:44:18,luar biasa proses cepat mudah
Mayah Punya17,5,2026-01-19 03:36:41,Alhamdulillah puas banget pake aplikasi ini sangat terbantu banget bagi saya yang punya anak bayi yang susah mau keluar langsung ke kantor. kereen aplikasimya terimakasih ibu Ratu Zakiyah BPK Najib 🙏
Gusti Official,5,2026-01-19 03:14:19,aplikasi sangat membantu sekali sangan bagus dan keren goood
khaerul tamy,5,2026-01-19 03:00:38,pelayanan nya cepat👏👏👏
Asep saefullah,5,2026-01-19 02:43:31,petugasnya baik ramah dan selalu membantu di saat ada kesalahan dalam penulisan🤝😊
Eman,5,2026-01-18 12:12:12,untuk proses persetujuan lama dan proses kirim
Yayah Sumihidayah,3,2026-01-17 12:50:19,pas buka apk nya harus di update tp di play store udh di update
siti solehah,1,2026-01-17 10:36:14,"untuk kedepannya minta tolong min dalam menjawab pesan tidak perlu menggunakan capslock, agar menjadi bahan evaluasi di pengurusan pendataan. Terimakasih untuk perubahan KTP yg saya ajukan dari tgl 26 Desember baru saya Terima di tgl 16 Januari 2026. Terimakasih sebelumnya🙏"
Ahmad Sukemi,5,2026-01-17 07:11:18,memudahkan dalam pelayanan untuk masyarakat
Kartika Tika,5,2026-01-17 06:54:55,"apk ini membantu Sx,,saya pilih pengiriman ekspedisi tapi ko g sampe2"
Siti Nurvarisha,4,2026-01-17 06:36:02,"ktp saya masih belum juga di antar padahal status nya sudah di setujui dan tinggal menunggu di kirim,sudah beberapa hari belum juga di antar"
Naya Inayah,4,2026-01-16 12:08:35,"Alhamdulillah adanya aplikasi ini sgt membantu dan memudahkan gak perlu antri panjang dan nungu berjam² lagi, tp syg kenapa di aplikasi gak ada informasi kapan selesainya.!!!"
Nudin Iksan,5,2026-01-16 02:52:29,"saya sudah merasakan mampaat aplikasi ini,saya memperbarui KTP rusak tanpa di pungut biaya,dan di anterin kurir ke rumah dalam 10hari kerja.trima kasi serba didi"
Denisa,4,2026-01-16 02:40:50,"ingin memberikan bintang 5 karena pelayanannya cukup praktis tanpa perlu datang ke loket, tapi karena berkas yang bisa diunggah masih terbatas berformat jpg, jadi untuk meningkatkan kualitas saya berikan bintang 4 dulu ya. Terima kasih Disdukcapil Kabupaten Serang!"
BADRI Coy,5,2026-01-16 02:15:47,"bagus banget, bisa ngebantu , klo lg sibuk sibuk ....."
Robbi Ahmad,5,2026-01-15 16:40:01,udah hampir 6 bulan. di setujui tapi ga jadi jadi. udah bela belain beli materai
KHOLIL FIRDAUS,5,2026-01-15 12:57:25,Aplikasi yang sangat membantu sekali dalam mengurus administrasi serta mengefisiensikan waktu pembuatan.
Yadi Suryadi,5,2026-01-15 10:16:22,Proses Cepat. sangat direkomendasikan. Terima kasih. terus berinovasi kabupaten Serang 👍👍👍👍👍
Sudirman (Imang),1,2026-01-15 09:41:39,kalau buat apk online harus yg bermutu.pelayanannya kurang memuaskan untuk masyarakat awam ujung ujung nya cuma uang.
Dudung Putra,5,2026-01-15 08:25:03,alhamdulilah sudah sampe gk nyampe 5 hari
Nana Eka putra,5,2026-01-15 08:19:26,sagat bermanpaat buat warga yang mau membuat dokumen pribadi respon cepat👍
Dii Prayoga,5,2026-01-15 06:52:20,sangat baik
Mulia Rahma,5,2026-01-15 04:55:10,sangat terbantu terimakasih banyak
Adi Sasmita,5,2026-01-15 03:35:57,respon nya baik
Aji Sambadi,5,2026-01-15 03:18:31,okee
Jannah,4,2026-01-15 03:16:15,"sangat membantu sih cuma antrian nya tu lumayan lama, terus gada notifikasi nya formulir udh di setujui atau tidak nya itu, semoga di tingkatkan lagi"
muhamad sumantri,5,2026-01-15 01:09:41,sangat membantu
Dede Ilman,5,2026-01-14 17:25:02,Terima kasih banyak saya sangat terbantu dan dapat pengalaman dan tidak merepotkan orang lain
Boby Zefa,5,2026-01-14 16:09:26,Sangat terbantu dengan adanya aplikasi SERBA digi ini
Zasica Puspita dewi,5,2026-01-14 15:10:26,"sangat membantuu, good job"
Bonet official,5,2026-01-14 11:15:06,mantapp
raffa gaming,5,2026-01-14 10:49:21,Masyaallah....sekarang apa apa dipermudah ya..... jadi klo ada alasan dibikin sulit itu hoax ya...... tks Serang Bahagia .....
Romli 606,5,2026-01-14 10:20:22,"sangat membantu, proses nya cepat ,,,👍👍👍👍👍"
Chandra Eny,5,2026-01-14 06:47:46,pelayanan bagus langsung ditangani tidak berbelit-belit
Ariah yn,5,2026-01-14 06:14:00,Aplikasi nya sangat membantu...
Darma Adi sandra,5,2026-01-14 06:07:34,walaupun respon lama. tp Alhamdulillah KTP udah sampe
Hayatun Nufus,2,2026-01-14 05:12:42,lama bikin ktp ga jadi jadi
ARNOL ST,5,2026-01-14 04:38:53,"proses cepat , respon juga ramah dan baik, terima kasih"
Rahmat Hidayat,5,2026-01-14 03:29:54,Gak riber tapi lama jadinya
Zaenudin Din,5,2026-01-14 02:48:33,mantap
BUNG KARDJO OFFICIAL,5,2026-01-14 00:44:16,sangat membantu sekali 👍👍👍
Tobi Anisa,5,2026-01-14 00:10:44,pelayanan cpt terimakasih
Ibiza,5,2026-01-13 18:14:15,the best
Nur Hayati,5,2026-01-13 12:35:13,"sangat membantu dan mempermudah masalah kependudukan, sebelum tau aplikasi ini bikin KK KTP pasti selalu bayar 100rb-150/data karna tau sendiri serang KLO gaada duit lama bgt prosesnya , pas ada apk ini cuman masukin data ikutin petunjuk jadi deh... serang bahagia😻"
Akhmad Irham,5,2026-01-13 11:51:33,sangat membantu
Suheri Ajah,5,2026-01-13 11:16:55,salah dalam pembuatan kartu keluarga
Wulan squarepants,5,2026-01-13 09:20:03,Apk ini sangat membantu
Usin Prasetyo,5,2026-01-13 08:02:49,puass.. pelayanan nya cepat
Wahyu Andika,5,2026-01-13 07:51:03,ok
Ahmad Subandi,5,2026-01-13 07:43:53,sipppp
Elawati Elma06,5,2026-01-13 07:10:27,sangat membantu dan memudahkan
Sukri Yadie,5,2026-01-13 06:43:10,sangat bagus
Alo Mped,5,2026-01-13 04:33:45,"pelayanannya cepat, good job👍👍👍"
Nahda Mila,5,2026-01-13 04:04:41,sangat membantu dan meminimalisir pungli dari para calo
Saepul ilman,5,2026-01-13 03:20:45,"aplikasi nya sangat bagus sekali, sangat membantu warga kabupaten serang"
Nurul maulida Ainun,5,2026-01-13 03:06:14,ok mantaaap serang bahagia
henisayahani 21,5,2026-01-13 00:54:16,sangat² terbantu tidak perlu repot² kesana kemari lagi kalo bikin apapun .
Nurholis Ilham,5,2026-01-13 00:37:33,alhamdulillah selesai
Nier Xfuera,5,2026-01-12 12:55:58,mantap... bikin Kk gak pake Lama. tinggal bikin KTP nih... mdh2an Aja Sat Set Jugaa.
Mmut mainah26,5,2026-01-12 11:55:58,sangat membantu sekali
Iis Kholisoh,5,2026-01-12 10:42:54,sangat membantu trimakasih
Dicky Ananda,4,2026-01-12 10:31:58,mantap joss cepat dan gak ribet
yasin kurniawan,5,2026-01-12 08:44:53,cepat dan pelayanan nya enak bgus cepet cepat di tnaginya membantu aplikasinya bgus sekrang kemajuan kbupaten serang
Widodo Dwi (Dodo),5,2026-01-12 08:28:49,membantu masyarakat..
Amsori Tedo,5,2026-01-12 07:13:26,oke banget
Eli Suhaeli,5,2026-01-12 06:18:31,Joss nih..
Gembel Elite,5,2026-01-12 04:18:21,"keren sekarang pake aplikasi jadi bener"" sangat membantu danlebih enak dan terhindar dari pungli terima kasih banyak"
fakih jalil,5,2026-01-12 02:58:19,"sangat membantu, terimakasih..."
Varda Ramani,5,2026-01-11 04:47:21,pelayanan cpt
Aqila Fitroh,5,2026-01-11 01:49:07,bagus mempermudah
khosasih 94,4,2026-01-10 23:45:22,"sangat memmbantu , namun ada sedikit keterlambat"
Wayan Suartama,5,2026-01-10 15:50:45,simpel jdi lebih midah pengajuan berkas dri rumah
Ika Lovika,1,2026-01-10 10:18:39,pelayanan yah gk propisional padahal itu ada nama istri buku nikah juga ada tapi tetep berpa kali d ulangin tetep sma cuma ada nama suami dowang setatus juga blm nikah padahal ada buku nikah yh kurang pelayanan yh
Ahmad Faizi,5,2026-01-10 09:58:45,mantap.
Ahmad Mujaemi,5,2026-01-10 07:43:29,relepan
Meilanno Derry,1,2026-01-10 03:03:08,lama njir mw 1 bln gak di proses2 kebanyakan ..........
Aura Aura,5,2026-01-10 02:35:49,keren nih pelayanan cepat tanpa pungli
siti,3,2026-01-10 02:24:01,aku kasih bintang 3 dulu soal nya belum tau jadi atau belum nya akte anak saya
Wiwin Dani,5,2026-01-10 01:46:19,terima kasih mudah dan praktis bisa bikin sendiri.
Nur Tapiah,3,2026-01-10 01:12:25,"ini suruh update versi terbaru, versi terbaru yg mna ko ga ada petunjuknya"
kalen Buntu,5,2026-01-09 09:42:40,pelayanan y lelet gk cukup 1-2hari.
bimba kramatwatu,5,2026-01-09 07:35:22,sangat membantu dan cepat dalam pelayanan
Andriyasa Yasa,1,2026-01-09 07:24:48,aplikasi cukup merespon akan tetapi proses permohonan saya sudah 5 hari masih aja dalam tahan proses dengan alasan sedang maintenance 31 Desember 2025/gangguan pelayanan
Ifat Ma'rifah Aziz,5,2026-01-09 05:05:42,keren apk nya memuaskan
eneng tati alawiah,5,2026-01-09 04:03:01,MasyaAllah luar biasa pelayanannya cepat
Novita Sari Manullang,5,2026-01-09 02:22:53,Pelayanan nya mudah sekali
Sukma Wati,5,2026-01-08 21:41:15,insha allah seluruh layanan masyarakat dicapil bojonegara amanah dan bisa mempermudah masyarkatnya dalam pembuatan dan permohonon dokument apa pun
Iis Ariska,5,2026-01-08 12:34:40,sangat membantu mempermudah 👍👍👍
Bas Tiyah,5,2026-01-08 12:04:52,aplikasi bagus dan dapat membantu
Amira Mira,5,2026-01-08 07:27:59,sangat membantu masyarakat
Jana Tunnawiyah,5,2026-01-08 05:24:41,bagus
Rey Book,1,2026-01-08 03:49:06,pengajuan sudah lebih dr 1 minggu tidak ada kemajuan dan status tidak ada perubahan tidak seperti tahun sebelumnya. tlong dong tim serang dilihat masih banyak orang pengajuan di online ini..
Kerja Online,5,2026-01-08 01:06:08,pelayanan cepat dan ramah terbaik
Asep Saepullah,5,2026-01-08 01:01:34,bagus
Mengejar Badai,5,2026-01-07 22:27:31,respon baik pnerimaan juga baik tnpa ada kendala saya kasih bintang lima kalo ada sepuluh tak kasih sepuluh walaupun blm tau hasil nya udah jadi apa belum pengajuan saya tapi sejauh ini cukup baik dalam mrespon dan menangani permaslahan masyarakat terutama tentang surat surat dan dokumen penting .terimakasih
Muhamad Artani,4,2026-01-07 14:10:43,sangat membantu
Neni Nahwati,3,2026-01-07 07:22:34,pengubahan data tapi blom cepat respon
Sofiyan Yusuf,3,2026-01-07 06:35:45,untuk perubahan data knpa lebih lama Proses
Adnan Penjaga Hati,5,2026-01-07 03:19:49,mantap lah
Aldos Ml,1,2026-01-07 03:16:21,🤪🤪🤪🤪
Kamsinah Inah,5,2026-01-06 06:49:34,allhamdulilah cepat dan mudah
Harun Roni,5,2026-01-06 05:31:24,muantappppp pegawai satset
Nurul Imanudin,1,2026-01-06 01:18:17,apk susah di buka update mulu udah berapa minggu gak bisa masuk
Netha Arnetha002,4,2026-01-05 12:35:33,izin bertanya ini berlaku untuk kabupaten saja atau kota juga bisa?
Ringo Demson,5,2026-01-05 08:21:32,Sangat membantu sekali
Antoni Toni,5,2026-01-05 06:57:31,bener2 sangat membatu👍
Jt Tea,2,2026-01-05 06:27:43,"Bikin akte sama kia, akte nya da jd kia nya uda mau 1 bln blm sampai-sampai heran ? emang nya butuh berapa lama tinggal cetak & kirim ongkir kita yg bayar, aneh nya itu katanya yg bikin banyak tp pas ditanya kenapa lama katanya nunggu banyak dl baru dicetak terus dikirim , ANEH"
Nanang Ranger,5,2026-01-05 06:01:04,praktis cepat dan bikin puas masyarakat mempermudah layanan
Abdul Phoenix,5,2026-01-05 05:29:54,"Sangat membantu, mudah dan tidak ribet, nice..."
Kadman,5,2026-01-05 04:50:56,sangat membantu jadi tidak repot2 ke kecamatan/Dukcapil
Mohamad Syukur,4,2026-01-05 01:43:06,"Apk yang ribet,padahal sudah Update versi terbaru tapi masih saja tidak bisa di buka"
Jupri Ady,5,2026-01-04 16:05:37,tidak bisa diakses
dessy utami,5,2026-01-04 10:43:24,"Alhamdulillah siang pengajuan langsung di verifikasi dan sore sy lihat KK AKTE sdh jadi, praktis tinggal klik klik, yg penting paham upload nya, tdk gaptek. Terimakasih banyak Serang Tim"
bahry shethedjo,5,2026-01-04 04:42:21,"sangat berguna dan memudahkan layanan bagi masyarakat, izin memberikan saran, untuk layanan ini kan termasuk layanan Publik masyarakat jadi untuk jam istirahat jangan serentak harus bergantian.. terimakasih 🙏"
chamianun lubis,2,2026-01-04 03:51:57,"penangannya lama, saya bikin KTP dari tgl 9des sampai sekarang tgl 4jan, belum datang-datang KTP nya."
En Fahro,5,2026-01-03 10:51:24,"bagus cara pelayanan secara online jelas dan cepat diproses. sudah bikin KTP, KK, KIA dan Akta kelahiran secara online."
Anisa bahar,2,2026-01-02 12:44:14,ini aplikasi nya mohon untuk di benerin sistem nya uda pengajuan kependudukan dari 3 hari yg lalu. masi belum di proses juga. pas di liat lagi di riwayat pengajuan proses pengajuan saya sudah tidak ada ..alias kosong
Jaka Ria,5,2026-01-02 08:18:52,sangat membantu
Muhamad Khusni,5,2026-01-02 06:08:15,"Terima kasih banyak pak atas bantuan nya, semoga sehat selalu."
Nurasiah,1,2026-01-02 05:27:37,"aplikasi nya sangat jelek, setiap akan di gunakan selalu keluar tiba² dan harus login berulang kali"
Dewi Faujiah,5,2026-01-02 03:04:59,bagus sangat.membantu teria kasih
Noy Kinoy,5,2026-01-02 01:40:25,lumayan cepet responnya menghemat waktu ga harus langsung ke kantor
Nurjaman,5,2026-01-01 14:45:41,Terima kasih kepada Ibu Bupati Kabupaten Serang Ratu Rachmatuzakiyah beserta jajarannya atas penyediaan layanan kependudukan melalui aplikasi SERBA DIGI. Sukses selalu buat rakyat Banten dan Indonesia.
ahmad somara,1,2026-01-01 11:14:59,"kenapa sih lama banget proses pengajuannya padahal, udah 15 hari masih aja proses,,,,"
Aldo Torres,5,2026-01-01 10:07:23,mantap terbantu
Zidon Gunadi (agung gunadi),5,2026-01-01 07:53:19,"Mantap kenapa sekarang apk nya tidak bisa di buka, minta update tapi di PS nya ga ada update"
Dedi MIN 2 Serang,5,2026-01-01 01:00:17,"Bagus, tp tidak bisa update"
Bunie_94 HS,5,2025-12-31 14:14:01,Lumayan cukup membantu walau sedikit repot karena harus urus sendiri via Smartphone. cocok untuk kaum yg mageran... bisa dilakukan dimana saja. cukup klik klik klik'.... beres.
vicky hidayatullah,5,2025-12-31 12:44:35,"sangat membantu aplikasi online membuat KK , akte lahir , KIA buat tgl 29/12/2025 jadi tgl 31/12/2025 sangat cepat semoga terus berkembang"
Khoirunnisa Nurul Aini,5,2025-12-31 11:48:35,"aplikasi yg keren aman mudah lagi,untuk berbagai bentuk pelayanan masyarakat"
Selvi77 rahayu,5,2025-12-31 09:49:51,"Aplikasi yang sangat membantu warga Kabupaten Serang yang ingin mengurus KK, KTP ataupun akta. Sat, set tanpa ribet"
